入替日,2025/11/13,,,,,
入替時刻,15:34,,,,,
ホール名,台番号,種類,機種名,検定番号,貸出単価,表示単価
タイホー　双葉店,1,P,ｅ仮面ライダー電王ＫＬ１２,4P0721,4.16,500円/120玉
タイホー　双葉店,2,P,ｅ仮面ライダー電王ＫＬ１２,4P0721,4.16,500円/120玉
タイホー　双葉店,3,P,ｅ仮面ライダー電王ＫＬ１２,4P0721,4.16,500円/120玉
タイホー　双葉店,5,P,ｅＵＬＴＲＡＭＡＮ－Ｋ１,4P0962,4.16,500円/120玉
タイホー　双葉店,6,P,ｅＵＬＴＲＡＭＡＮ－Ｋ１,4P0962,4.16,500円/120玉
タイホー　双葉店,7,P,ｅフィーバー戦姫絶唱シンフォギア４Ｆ,4P1149,4.16,500円/120玉
タイホー　双葉店,8,P,ｅフィーバー戦姫絶唱シンフォギア４Ｆ,4P1149,4.16,500円/120玉
タイホー　双葉店,10,P,ｅ蒼天の拳羅龍ＳＲＥＮ,410674,4.16,500円/120玉
タイホー　双葉店,11,P,ｅ蒼天の拳羅龍ＳＲＥＮ,410674,4.16,500円/120玉
タイホー　双葉店,12,P,ｅゴジラ対エヴァンゲリオン２ｂＡ,410449,4.16,500円/120玉
タイホー　双葉店,13,P,ｅゴジラ対エヴァンゲリオン２ｂＡ,410449,4.16,500円/120玉
タイホー　双葉店,15,P,ｅゴジラ対エヴァンゲリオン２ｂＡ,410449,4.16,500円/120玉
タイホー　双葉店,16,P,ｅシン・エヴァンゲリオンＺ,3P0777,4.16,500円/120玉
タイホー　双葉店,17,P,ｅシン・エヴァンゲリオンＺ,3P0777,4.16,500円/120玉
タイホー　双葉店,18,P,ｅ北斗の拳１０ＧＨＥＧ,410164,4.16,500円/120玉
タイホー　双葉店,20,P,ｅ北斗の拳１０ＧＨＥＧ,410164,4.16,500円/120玉
タイホー　双葉店,21,P,ｅ北斗の拳１０ＧＨＥＧ,410164,4.16,500円/120玉
タイホー　双葉店,22,P,ｅ北斗の拳１０ＧＨＥＧ,410164,4.16,500円/120玉
タイホー　双葉店,23,P,ｅ北斗の拳１０ＧＨＥＧ,410164,4.16,500円/120玉
タイホー　双葉店,25,P,ｅ北斗の拳１０ＧＨＥＧ,410164,4.16,500円/120玉
タイホー　双葉店,26,P,Ｐ　Ｒｅ：ゼロから始める異世界生活　鬼がかりｖｅｒ.　Ｍ０８,1P0774,4.16,500円/120玉
タイホー　双葉店,27,P,Ｐ　Ｒｅ：ゼロから始める異世界生活　鬼がかりｖｅｒ.　Ｍ０８,1P0774,4.16,500円/120玉
タイホー　双葉店,28,P,Ｐ　Ｒｅ：ゼロから始める異世界生活　鬼がかりｖｅｒ.　Ｍ０８,1P0774,4.16,500円/120玉
タイホー　双葉店,30,P,ｅフィーバーからくりサーカス２Ｒ,410393,4.16,500円/120玉
タイホー　双葉店,31,P,ｅフィーバーからくりサーカス２Ｒ,410393,4.16,500円/120玉
タイホー　双葉店,32,P,ｅフィーバーからくりサーカス２Ｒ,410393,4.16,500円/120玉
タイホー　双葉店,33,P,ｅ／押忍番長漢の頂／Ｌ０９,4P1123,4.16,500円/120玉
タイホー　双葉店,35,P,ｅ／押忍番長漢の頂／Ｌ０９,4P1123,4.16,500円/120玉
タイホー　双葉店,36,P,ｅゴッドイータートリプルバーストＭＪ,410192,4.16,500円/120玉
タイホー　双葉店,37,P,ｅゴッドイータートリプルバーストＭＪ,410192,4.16,500円/120玉
タイホー　双葉店,38,P,Ｐスーパー海物語ＩＮ沖縄５ＬＴＶ,0P1742,4.16,500円/120玉
タイホー　双葉店,50,P,ＰＡスーパー海物語ＩＮ沖縄５ＹＢＡ,2P0057,4.16,500円/120玉
タイホー　双葉店,51,P,ＰＡ大海物語４スペシャルＲＢＡ,0P0594,4.16,500円/120玉
タイホー　双葉店,52,P,ＰＡ新海物語ＡＲＢＢ,210053,4.16,500円/120玉
タイホー　双葉店,53,P,ＰＡ新海物語ＡＲＢＢ,210053,4.16,500円/120玉
タイホー　双葉店,55,P,ＰＡスーパー海物語ＩＮ沖縄５ＳＢＡ,1P0211,4.16,500円/120玉
タイホー　双葉店,56,P,ＰＡスーパー海物語ＩＮ沖縄５ＳＢＡ,1P0211,4.16,500円/120玉
タイホー　双葉店,57,P,ＰＡスーパー海物語ＩＮ地中海２ＨＬＡ,410099,4.16,500円/120玉
タイホー　双葉店,58,P,ＰＡスーパー海物語ＩＮ地中海２ＨＬＡ,410099,4.16,500円/120玉
タイホー　双葉店,60,P,ＰＡスーパー海物語ＩＮ地中海２ＨＬＡ,410099,4.16,500円/120玉
タイホー　双葉店,61,P,Ｐ大海物語４スペシャルＳＣＡ,0P1589,4.16,500円/120玉
タイホー　双葉店,62,P,Ｐ大海物語４スペシャルＳＣＡ,0P1589,4.16,500円/120玉
タイホー　双葉店,63,P,Ｐ大海物語４スペシャルＳＣＡ,0P1589,4.16,500円/120玉
タイホー　双葉店,65,P,Ｐ大海物語４スペシャルＳＣＡ,0P1589,4.16,500円/120玉
タイホー　双葉店,66,P,Ｐ大海物語４スペシャルＳＣＡ,0P1589,4.16,500円/120玉
タイホー　双葉店,67,P,Ｐスーパー海物語ＩＮ沖縄５ＳＣＦ,1P0514,4.16,500円/120玉
タイホー　双葉店,68,P,Ｐ海物語Ｅ,0P0828,4.16,500円/120玉
タイホー　双葉店,70,P,Ｐ海物語Ｅ,0P0828,4.16,500円/120玉
タイホー　双葉店,71,P,Ｐ海物語Ｅ,0P0828,4.16,500円/120玉
タイホー　双葉店,72,P,Ｐスーパー海物語ＩＮ沖縄５ＹＴＣ,1P1703,4.16,500円/120玉
タイホー　双葉店,73,P,Ｐゴジラ対エヴァンゲリオン２Ｒ,4P0672,4.16,500円/120玉
タイホー　双葉店,75,P,Ｐゴジラ対エヴァンゲリオン２Ｒ,4P0672,4.16,500円/120玉
タイホー　双葉店,76,P,ｅ花の慶次～傾奇一転Ｌ２－ＭＸ,4P0179,4.16,500円/120玉
タイホー　双葉店,77,P,ｅ花の慶次～傾奇一転Ｌ２－ＭＸ,4P0179,4.16,500円/120玉
タイホー　双葉店,78,P,ｅ花の慶次～傾奇一転Ｌ２－ＭＸ,4P0179,4.16,500円/120玉
タイホー　双葉店,80,P,ｅ　Ｒｅ：ゼロから始める異世界生活　ｓｅａｓｏｎ２Ｍ１３,310353,4.16,500円/120玉
タイホー　双葉店,81,P,ｅ　Ｒｅ：ゼロから始める異世界生活　ｓｅａｓｏｎ２Ｍ１３,310353,4.16,500円/120玉
タイホー　双葉店,82,P,ｅ　Ｒｅ：ゼロから始める異世界生活　ｓｅａｓｏｎ２Ｍ１３,310353,4.16,500円/120玉
タイホー　双葉店,83,P,ｅ　Ｒｅ：ゼロから始める異世界生活　ｓｅａｓｏｎ２Ｍ１３,310353,4.16,500円/120玉
タイホー　双葉店,85,P,ｅ　Ｒｅ：ゼロから始める異世界生活　ｓｅａｓｏｎ２Ｍ１３,310353,4.16,500円/120玉
タイホー　双葉店,86,P,Ｐ新世紀エヴァンゲリオン１５　未来への咆哮,1P0653,4.16,500円/120玉
タイホー　双葉店,87,P,Ｐ新世紀エヴァンゲリオン１５　未来への咆哮,1P0653,4.16,500円/120玉
タイホー　双葉店,88,P,Ｐ新世紀エヴァンゲリオン１５　未来への咆哮,1P0653,4.16,500円/120玉
タイホー　双葉店,100,P,Ｐ新世紀エヴァンゲリオン１５　未来への咆哮,1P0653,4.16,500円/120玉
タイホー　双葉店,101,P,Ｐシン・エヴァンゲリオンＸ,3P0912,4.16,500円/120玉
タイホー　双葉店,102,P,Ｐシン・エヴァンゲリオンＸ,3P0912,4.16,500円/120玉
タイホー　双葉店,103,P,Ｐシン・エヴァンゲリオンＸ,3P0912,4.16,500円/120玉
タイホー　双葉店,105,P,Ｐとある科学の超電磁砲２ＪＭＢ,4P0379,4.16,500円/120玉
タイホー　双葉店,106,P,Ｐとある科学の超電磁砲２ＪＭＢ,4P0379,4.16,500円/120玉
タイホー　双葉店,107,P,Ｐ北斗の拳暴凶星ＳＦＰＡ,2P1336,4.16,500円/120玉
タイホー　双葉店,108,P,Ｐ北斗の拳暴凶星ＳＦＰＡ,2P1336,4.16,500円/120玉
タイホー　双葉店,110,P,Ｐ北斗の拳暴凶星ＳＦＰＡ,2P1336,4.16,500円/120玉
タイホー　双葉店,111,P,Ｐフィーバー機動戦士ガンダムユニコーン２　Ｓ,410029,4.16,500円/120玉
タイホー　双葉店,112,P,Ｐフィーバー機動戦士ガンダムユニコーン２　Ｓ,410029,4.16,500円/120玉
タイホー　双葉店,113,P,Ｐ戦国乙女７Ｌ９ＹＹ７,4P1184,4.16,500円/120玉
タイホー　双葉店,115,P,Ｐ戦国乙女７Ｌ９ＹＹ７,4P1184,4.16,500円/120玉
タイホー　双葉店,116,P,Ｐ戦国乙女７Ｌ９ＹＹ７,4P1184,4.16,500円/120玉
タイホー　双葉店,117,P,Ｐ転生したらスライムだった件ＮＢ,4P0575,4.16,500円/120玉
タイホー　双葉店,118,P,Ｐ転生したらスライムだった件ＮＢ,4P0575,4.16,500円/120玉
タイホー　双葉店,120,P,Ｐ転生したらスライムだった件ＮＢ,4P0575,4.16,500円/120玉
タイホー　双葉店,121,P,Ｐ麻雀物語４Ｍ１ＡＵ１Ｙ,1P1449,4.16,500円/120玉
タイホー　双葉店,122,P,Ｐフィーバー三国戦騎７５００,3P1560,4.16,500円/120玉
タイホー　双葉店,123,P,Ｐバキ３１９Ｈ１ＹＺ２,1P0341,4.16,500円/120玉
タイホー　双葉店,125,P,Ｐ真・牙狼２－ＲＰ,210103,4.16,500円/120玉
タイホー　双葉店,126,P,ＰフィーバーからくりサーカスＶ,210057,4.16,500円/120玉
タイホー　双葉店,127,P,Ｐフィーバースプラッシュ×スプラッシュ,2P1725,4.16,500円/120玉
タイホー　双葉店,128,P,Ｐ蒼穹のファフナー　超蒼穹３８００Ａ,1P1006,4.16,500円/120玉
タイホー　双葉店,130,P,Ｐ銀河英雄伝説ＤＮＴＬ５－Ｘ,310300,4.16,500円/120玉
タイホー　双葉店,131,P,ＰバンドリＨ１ＹＺ４,410039,4.16,500円/120玉
タイホー　双葉店,132,P,ＰゴブリンスレイヤーＪＧＺ,210358,4.16,500円/120玉
タイホー　双葉店,133,P,Ｐフィーバーかぐや様は告らせたいＲ,310267,4.16,500円/120玉
タイホー　双葉店,135,P,Ｐリング　呪いの７日間２　ＪＮ,0P0076,4.16,500円/120玉
タイホー　双葉店,136,P,Ｐコードギアス　反逆のルルーシュ３Ｖ,2P1697,4.16,500円/120玉
タイホー　双葉店,137,P,Ｐ盾の勇者の成り上がりＧＦＰＣ,4P0754,4.16,500円/120玉
タイホー　双葉店,138,P,Ｐ宇宙戦艦ヤマト２２０２－３Ｇ,410355,4.16,500円/120玉
タイホー　双葉店,150,P,Ｐ世界最高の暗殺者、異世界貴族に転生するＪＭＢ,4P1053,4.16,500円/120玉
タイホー　双葉店,151,P,Ｐクイーンズブレイド４Ｖ１Ｄ,310623,4.16,500円/120玉
タイホー　双葉店,152,P,Ｐ百花繚乱ＦＭ－ＪＦ,310172,4.16,500円/120玉
タイホー　双葉店,153,P,ＰＤＤ北斗の拳３Ｖ１Ｃ,4P0114,4.16,500円/120玉
タイホー　双葉店,155,P,Ｐうまい棒４５００から１０５００Ｖ１,0P1413,4.16,500円/120玉
タイホー　双葉店,156,P,ｅぱちんこソードアート・オンラインＫ１２,3P0755,4.16,500円/120玉
タイホー　双葉店,157,P,ｅソードアート・オンライン～閃光の軌跡～Ｋ７,4P1194,4.16,500円/120玉
タイホー　双葉店,158,P,ｅソードアート・オンライン～閃光の軌跡～Ｋ７,4P1194,4.16,500円/120玉
タイホー　双葉店,160,P,ｅソードアート・オンライン～閃光の軌跡～Ｋ７,4P1194,4.16,500円/120玉
タイホー　双葉店,161,P,ｅグリッドマンＸＶＳＭ,4P0497,4.16,500円/120玉
タイホー　双葉店,162,P,ｅ乃木坂４６ⅡＫ４,4P0586,4.16,500円/120玉
タイホー　双葉店,163,P,ｅルパン三世１３Ｈ４ＹＺ６,3P0948,4.16,500円/120玉
タイホー　双葉店,165,P,ｅフィーバー機動戦士ガンダムユニコーン２　Ｒ,4P0301,4.16,500円/120玉
タイホー　双葉店,166,P,ｅ大工の源さん超韋駄天２ＥＨＬＤ,410515,4.16,500円/120玉
タイホー　双葉店,167,P,ｅ花の慶次～裂一刀両断ＤＬ２－ＭＸ,3P0090,4.16,500円/120玉
タイホー　双葉店,168,P,ｅ義風堂々！！～兼続と慶次～３ＤＭ５－Ｓ,3P0273,4.16,500円/120玉
タイホー　双葉店,170,P,ｅ閃乱カグラＬＴＭ－ＪＦ,410681,4.16,500円/120玉
タイホー　双葉店,171,P,ＰフィーバークィーンＲＵＳＨ－Ｙ,1P1857,4.16,500円/120玉
タイホー　双葉店,172,P,ＰモンスターハンターライズＧＲＰＧ,410328,4.16,500円/120玉
タイホー　双葉店,173,P,ＰぱちんこＧＡＮＴＺ覚醒ＭＪ４,310213,4.16,500円/120玉
タイホー　双葉店,175,P,Ｐ真北斗無双４下剋上闘ＧＲＰＪ,3P0884,4.16,500円/120玉
タイホー　双葉店,176,P,Ｐ戦国乙女レジェンドバトルＭ２ＡＺ１Ｙ,110128,4.16,500円/120玉
タイホー　双葉店,177,P,Ｐフィーバー機動戦士ガンダム逆襲のシャアＺ,9P0732,4.16,500円/120玉
タイホー　双葉店,178,P,Ｐギンパラ夢幻カーニバルＨＴＫ,0P0969,4.16,500円/120玉
タイホー　双葉店,180,P,Ｐ緋弾のアリア　～緋弾覚醒編～ＦＶＡ,0P1472,4.16,500円/120玉
タイホー　双葉店,181,P,Ｐやじきた道中記ＭＭ,2P1622,4.16,500円/120玉
タイホー　双葉店,182,P,Ｐこの素晴らしい世界に祝福を！ＬＴ３,310564,4.16,500円/120玉
タイホー　双葉店,183,P,Ｐ七つの美徳Ｖ１Ｇ,1P1843,4.16,500円/120玉
タイホー　双葉店,185,P,Ｐハイスクール・フリート２ＭＨ,3P0424,4.16,500円/120玉
タイホー　双葉店,186,P,Ｐ頭文字ＤＧＲＰＥ,3P0750,4.16,500円/120玉
タイホー　双葉店,187,P,Ｐ黄門ちゃま８Ｌ９ＡＺ１,1P1747,4.16,500円/120玉
タイホー　双葉店,188,P,Ｐモモキュンソード閃撃ＭＤ,1P0169,4.16,500円/120玉
タイホー　双葉店,200,P,Ｐ真北斗無双３ジャギの逆襲ＧＥＥ,1P1193,4.16,500円/120玉
タイホー　双葉店,201,P,Ｐ００９　ＲＥ：ＣＹＢＯＲＧ　Ｍ４－Ｋ,110016,4.16,500円/120玉
タイホー　双葉店,202,P,ＰＣＹＢＯＲＧ００９ＶＳ３－Ｋ,410339,4.16,500円/120玉
タイホー　双葉店,203,P,ＰＴｏＬＯＶＥるダークネスＬ９ＹＺ４,4P0687,4.16,500円/120玉
タイホー　双葉店,205,P,Ｐフィーバー戦姫絶唱シンフォギア４Ｚ,410548,4.16,500円/120玉
タイホー　双葉店,206,P,Ｐフィーバー戦姫絶唱シンフォギア４Ｚ,410548,4.16,500円/120玉
タイホー　双葉店,207,P,ＰアズールレーンTHE ANIMATION～異次元トリガー１９９～Ｍ４,4P0088,4.16,500円/120玉
タイホー　双葉店,208,P,ＰアズールレーンTHE ANIMATION～異次元トリガー１９９～Ｍ４,4P0088,4.16,500円/120玉
タイホー　双葉店,210,P,Ｐ真・一騎当千～桃園の誓い～ＬＴＨ－ＦＨ,410432,4.16,500円/120玉
タイホー　双葉店,211,P,Ｐ真・一騎当千～桃園の誓い～ＬＴＨ－ＦＨ,410432,4.16,500円/120玉
タイホー　双葉店,212,P,Ｐ魔法少女まどか☆マギカ３ＬＭ３,3P1891,4.16,500円/120玉
タイホー　双葉店,213,P,Ｐ魔法少女まどか☆マギカ３ＬＭ３,3P1891,4.16,500円/120玉
タイホー　双葉店,215,P,Ｐ魔法少女まどか☆マギカ３ＬＭ３,3P1891,4.16,500円/120玉
タイホー　双葉店,216,P,Ｐブラックラグーン４ＧＦＰＪ,310030,4.16,500円/120玉
タイホー　双葉店,217,P,Ｐ牙狼１１～冴島大河～ＸＸ－ＭＵ,410024,4.16,500円/120玉
タイホー　双葉店,218,P,Ｐ弾球黙示録カイジ沼５Ｖ１Ｕ,3P0935,4.16,500円/120玉
タイホー　双葉店,220,P,ＰメイドインアビスＭＲ,3P1657,4.16,500円/120玉
タイホー　双葉店,221,P,Ｐルパン三世１４Ｈ１ＹＺ４,4P0455,4.16,500円/120玉
タイホー　双葉店,222,P,Ｐｓｉｎ七つの大罪Ｖ１Ｋ,210159,4.16,500円/120玉
タイホー　双葉店,223,P,Ｐ宇宙戦艦ヤマト２２０２－３Ｇ,410355,4.16,500円/120玉
タイホー　双葉店,225,P,Ｐ緋弾のアリア～緋弾覚醒編～３１９Ｖｅｒ．　ＪＭＺ,210118,4.16,500円/120玉
タイホー　双葉店,226,P,Ｐ世界最高の暗殺者、異世界貴族に転生するＪＭＢ,4P1053,4.16,500円/120玉
タイホー　双葉店,227,P,Ｐ一騎当千斬ＳＳＶ１Ｆ,9P1226,4.16,500円/120玉
タイホー　双葉店,228,P,Ｐラブ嬢３Ｈ１ＹＺ６,3P1751,4.16,500円/120玉
タイホー　双葉店,230,P,Ｐ愛の不時着ＭＦ,4P1252,4.16,500円/120玉
タイホー　双葉店,231,P,Ｐ中森明菜・歌姫伝説４ＬＭ－Ｔ,0P1605,4.16,500円/120玉
タイホー　双葉店,232,P,Ｐフィーバーマクロスフロンティア４Ａ,1P0267,4.16,500円/120玉
タイホー　双葉店,233,P,Ｐ冬のソナタＭＹＭｅｍｏｒｙＭ７,4P1509,4.16,500円/120玉
タイホー　双葉店,235,P,Ｐ緋弾のアリア　～緋緋神降臨～ＬＴ搭載ＦＳＺ,310452,4.16,500円/120玉
タイホー　双葉店,236,P,Ｐいくさの子ＧＦＰＦ,4P0453,4.16,500円/120玉
タイホー　双葉店,237,P,Ｐ咲－Ｓａｋｉ－全国編ＨＴＧ,3P0455,4.16,500円/120玉
タイホー　双葉店,238,P,Ｐ甲鉄城のカバネリＳＦＰＡ,2P1308,4.16,500円/120玉
タイホー　双葉店,250,P,Ｐ真北斗無双ＦＷＱＧ,1P1264,4.16,500円/120玉
タイホー　双葉店,251,P,Ｐぱちんこ乃木坂４６トレジャーｖｅｒ．ＫＣＪ２,210302,4.16,500円/120玉
タイホー　双葉店,252,P,Ｐぱちんこ乃木坂４６トレジャーｖｅｒ．ＫＣＪ２,210302,4.16,500円/120玉
タイホー　双葉店,253,P,Ｐフィーバー機動戦士ガンダムＳＥＥＤ　Ｓ,3P0384,4.16,500円/120玉
タイホー　双葉店,255,P,Ｐフィーバー機動戦士ガンダムＳＥＥＤ　Ｓ,3P0384,4.16,500円/120玉
タイホー　双葉店,256,P,Ｐフィーバーマクロスフロンティア５Ｗ,310556,4.16,500円/120玉
タイホー　双葉店,257,P,Ｐフィーバーマクロスフロンティア５Ｗ,310556,4.16,500円/120玉
タイホー　双葉店,258,P,Ｐとある科学の超電磁砲ＦＳＢ,1P0983,4.16,500円/120玉
タイホー　双葉店,260,P,Ｐとある科学の超電磁砲ＦＳＢ,1P0983,4.16,500円/120玉
タイホー　双葉店,261,P,Ｐフィーバー機動戦士ガンダムユニコーンｂ,1P0313,4.16,500円/120玉
タイホー　双葉店,262,P,Ｐフィーバー機動戦士ガンダムユニコーンｂ,1P0313,4.16,500円/120玉
タイホー　双葉店,263,P,ＰＬＴ　ＯＶＥＲＰＡＣＨＩＮＫＯ－ＭＥ,310505,4.16,500円/120玉
タイホー　双葉店,265,P,ＰＬＴ　ＯＶＥＲＰＡＣＨＩＮＫＯ－ＭＥ,310505,4.16,500円/120玉
タイホー　双葉店,266,P,Ｐフィーバー戦姫絶唱シンフォギア　黄金絶唱Ｎ,210099,4.16,500円/120玉
タイホー　双葉店,267,P,Ｐフィーバー戦姫絶唱シンフォギア　黄金絶唱Ｎ,210099,4.16,500円/120玉
タイホー　双葉店,268,P,Ｐ真・花の慶次３ＴＬ５－ＭＸ,2P0966,4.16,500円/120玉
タイホー　双葉店,270,P,Ｐ真・花の慶次３ＴＬ５－ＭＸ,2P0966,4.16,500円/120玉
タイホー　双葉店,271,P,Ｐ北斗の拳９闘神ＧＦＧ,1P0872,4.16,500円/120玉
タイホー　双葉店,272,P,Ｐ北斗の拳９闘神ＧＦＧ,1P0872,4.16,500円/120玉
タイホー　双葉店,273,P,Ｐルパン三世１２Ｈ１ＡＺ２,1P1152,4.16,500円/120玉
タイホー　双葉店,275,P,Ｐルパン三世１２Ｈ１ＡＺ２,1P1152,4.16,500円/120玉
タイホー　双葉店,276,P,Ｐストライクウィッチーズ２ＨＢＣ,1P1787,4.16,500円/120玉
タイホー　双葉店,277,P,ＰＡ激デジ牙狼月虹ノ旅人－ＲＬ,310325,4.16,500円/120玉
タイホー　双葉店,278,P,Ｐ北斗の拳強敵ＳＳＰＡ,3P0914,4.16,500円/120玉
タイホー　双葉店,280,P,Ｐ大工の源さん超韋駄天ＹＢＢ,0P1268,4.16,500円/120玉
タイホー　双葉店,281,P,Ｐゴジラ対エヴァンゲリオン　Ｇ細胞覚醒ＹＲ,210319,4.16,500円/120玉
タイホー　双葉店,282,P,ＰＡコマコマ倶楽部ｗｉｔｈ坂本冬美ＬＯＯＰ１,4P0286,4.16,500円/120玉
タイホー　双葉店,283,P,Ｐフィーバー機動戦士ガンダムＳＥＥＤ　ＹＺ,410470,4.16,500円/120玉
タイホー　双葉店,285,P,Ｐ七つの美徳Ｖ２Ａ,1P1894,4.16,500円/120玉
タイホー　双葉店,286,P,Ｐ江頭２：５０　ｉｎナナシーＶ３,4P0800,4.16,500円/120玉
タイホー　双葉店,287,P,ＰＡ銀河英雄伝説ＤＮＴＮ２－Ｘ,410055,4.16,500円/120玉
タイホー　双葉店,288,P,Ｐギルティクラウン２ＳＢ,3P1919,4.16,500円/120玉
タイホー　双葉店,300,P,Ｐフィーバー革命機ヴァルヴレイヴ３Ｙ,3P1670,4.16,500円/120玉
タイホー　双葉店,301,P,Ｐリング　呪いの７日間２　ＦＷＡ,1P0367,4.16,500円/120玉
タイホー　双葉店,302,P,ＰＡフィーバーダンベル何キロ持てる？Ｙ,3P0185,4.16,500円/120玉
タイホー　双葉店,303,P,ＰＡフィーバーかぐや様は告らせたいＹＧ,3P1348,4.16,500円/120玉
タイホー　双葉店,305,P,Ｐブラックラグーン４ＧＣＰＡ,4P0494,4.16,500円/120玉
タイホー　双葉店,306,P,Ｐデジハネ聖戦士ダンバイン２ＳＳＰＢ,3P1188,4.16,500円/120玉
タイホー　双葉店,307,P,Ｐとある科学の超電磁砲　最強御坂ＶｅｒＲＶＺ,210239,4.16,500円/120玉
タイホー　双葉店,308,P,Ｐ天才バカボン６ＦＤ－ＲＳ,1P1094,4.16,500円/120玉
タイホー　双葉店,310,P,Ｐバジリスク２ＡＢ,0P1059,4.16,500円/120玉
タイホー　双葉店,311,P,Ｐシン・エヴァンゲリオンＭＶ,410629,4.16,500円/120玉
タイホー　双葉店,312,P,Ｐ真北斗無双３覚醒闘舞ＧＣＤ,210115,4.16,500円/120玉
タイホー　双葉店,313,P,Ｐフィーバー炎炎ノ消防隊ＹＲ,3P1234,4.16,500円/120玉
タイホー　双葉店,315,P,Ｐ地獄少女　Ｌｉｇｈｔ　ＦＶＢ,2P1485,4.16,500円/120玉
タイホー　双葉店,316,P,ＰＡフィーバー機動戦士ガンダムユニコーンｂＹ,1P0892,4.16,500円/120玉
タイホー　双葉店,317,P,Ｐ宇宙戦艦ヤマト２２０２　ＯＮＬＹ　ＯＮＥ　ＹＲ,2P0416,4.16,500円/120玉
タイホー　双葉店,318,P,Ｐルパン三世１３７ＹＲ２,4P0177,4.16,500円/120玉
タイホー　双葉店,320,P,ＰＡわんわんセレブレーションＡＧＢＤ,410261,4.16,500円/120玉
タイホー　双葉店,321,P,Ｐ新世紀エヴァンゲリオン１５　未来への咆哮Ｙ,1P1294,4.16,500円/120玉
タイホー　双葉店,322,P,Ｐ宇宙戦艦ヤマト２２０２ｂＨ,1P0316,4.16,500円/120玉
タイホー　双葉店,323,P,ＰＡＣＹＢＯＲＧ００９Ｎ－Ｘ１,9P1321,4.16,500円/120玉
タイホー　双葉店,325,P,Ｐとある魔術の禁書目録２　Ｌｉｇｈｔ　ＪＷＸ,410608,4.16,500円/120玉
タイホー　双葉店,326,P,Ｐルパン三世ＬＡＳＴＧＯＬＤ９ＡＵ１,9P0729,4.16,500円/120玉
タイホー　双葉店,327,P,Ｐリング　呪いの７日間３　Ｌｉｇｈｔ　ＪＶＺ,410140,4.16,500円/120玉
タイホー　双葉店,328,P,ＰビッグドリームＳＳＰＨ,310100,4.16,500円/120玉
タイホー　双葉店,330,P,Ｐフィーバーありふれた職業で世界最強ＹＲ,310204,4.16,500円/120玉
タイホー　双葉店,331,P,Ｐ真・花の慶次３Ｎ－Ｋ,3P0969,4.16,500円/120玉
タイホー　双葉店,332,P,Ｐゴブリンスレイヤー　ラッキートリガーＶｅｒＪＶＲ,310612,4.16,500円/120玉
タイホー　双葉店,333,P,ＰＡ野生の王国５　Ｎ－Ｋ,1P0836,4.16,500円/120玉
タイホー　双葉店,335,P,Ｐ花の慶次～裂Ｎ２－ＶＣ,410576,4.16,500円/120玉
タイホー　双葉店,336,P,Ｐ貞子ＦＭＤ,3P1869,4.16,500円/120玉
タイホー　双葉店,337,P,Ｐ貞子ＦＭＤ,3P1869,4.16,500円/120玉
タイホー　双葉店,338,P,Ｐサラリーマン金太郎　ＦＭＹ,210040,4.16,500円/120玉
タイホー　双葉店,350,P,Ｐとある魔術の禁書目録ＪＵＡ,0P0703,4.16,500円/120玉
タイホー　双葉店,351,P,Ｐゴジラ対エヴァンゲリオン　Ｇ細胞覚醒Ｌ,210166,4.16,500円/120玉
タイホー　双葉店,352,P,Ｐゴジラ対エヴァンゲリオン　Ｇ細胞覚醒Ｌ,210166,4.16,500円/120玉
タイホー　双葉店,353,P,Ｐゴジラ対エヴァンゲリオン　Ｇ細胞覚醒Ｌ,210166,4.16,500円/120玉
タイホー　双葉店,355,P,Ｐベルセルク無双～冥府魔道Ｍ１２－Ｚ,2P1823,4.16,500円/120玉
タイホー　双葉店,356,P,Ｐフィーバーダンベル何キロ持てる？Ｖ,2P1346,4.16,500円/120玉
タイホー　双葉店,357,P,ＰぱちんこアズールレーンTHE ANIMATION ＭＣ２,2P0629,4.16,500円/120玉
タイホー　双葉店,358,P,ＰぱちんこアズールレーンTHE ANIMATION ＭＣ２,2P0629,4.16,500円/120玉
タイホー　双葉店,360,P,Ｐフィーバー炎炎ノ消防隊Ｇ,2P0685,4.16,500円/120玉
タイホー　双葉店,361,P,Ｐフィーバー炎炎ノ消防隊Ｇ,2P0685,4.16,500円/120玉
タイホー　双葉店,362,P,Ｐフィーバー炎炎ノ消防隊Ｇ,2P0685,4.16,500円/120玉
タイホー　双葉店,363,P,Ｐ真北斗無双４ＧＦＰＨ,210262,4.16,500円/120玉
タイホー　双葉店,365,P,Ｐ真北斗無双４ＧＦＰＨ,210262,4.16,500円/120玉
タイホー　双葉店,366,P,Ｐ真北斗無双４ＧＦＰＨ,210262,4.16,500円/120玉
タイホー　双葉店,367,P,Ｐとある魔術の禁書目録２ＪＭＺ,310350,4.16,500円/120玉
タイホー　双葉店,368,P,Ｐとある魔術の禁書目録２ＪＭＺ,310350,4.16,500円/120玉
タイホー　双葉店,370,P,Ｐとある魔術の禁書目録２ＪＭＺ,310350,4.16,500円/120玉
タイホー　双葉店,371,P,Ｐスーパー海物語ＩＮ沖縄５ＬＴＶ,0P1742,0.96,100円/96玉
タイホー　双葉店,372,P,Ｐスーパー海物語ＩＮ沖縄５ＬＴＶ,0P1742,0.96,100円/96玉
タイホー　双葉店,373,P,ＰＡ新海物語ＡＲＢＢ,210053,0.96,100円/96玉
タイホー　双葉店,375,P,ＰＡ新海物語ＡＲＢＢ,210053,0.96,100円/96玉
タイホー　双葉店,376,P,ＰＡ新海物語ＡＲＢＢ,210053,0.96,100円/96玉
タイホー　双葉店,377,P,Ｐスーパー海物語ＩＮ沖縄５ＹＴＣ,1P1703,0.96,100円/96玉
タイホー　双葉店,378,P,Ｐギンパラ夢幻カーニバルＨＴＫ,0P0969,0.96,100円/96玉
タイホー　双葉店,380,P,ＰＡギンパラ夢幻カーニバルＨＢＡ,1P1000,0.96,100円/96玉
タイホー　双葉店,381,P,ＰＡギンパラ夢幻カーニバルＨＢＡ,1P1000,0.96,100円/96玉
タイホー　双葉店,382,P,ＰＡ元祖ギンギラパラダイスＨＢＣ,1P1530,0.96,100円/96玉
タイホー　双葉店,383,P,Ｐ元祖ギンギラパラダイスＨＣＢ,110142,0.96,100円/96玉
タイホー　双葉店,385,P,ＰＡスーパー海物語ＩＮ沖縄５ＹＢＡ,2P0057,0.96,100円/96玉
タイホー　双葉店,386,P,ＰＧＯ！ＧＯ！マリン３０００ＨＣＤ,310152,0.96,100円/96玉
タイホー　双葉店,387,P,Ｐ海物語Ｅ,0P0828,0.96,100円/96玉
タイホー　双葉店,388,P,Ｐ海物語Ｅ,0P0828,0.96,100円/96玉
タイホー　双葉店,500,P,ＰＡスーパー海物語ＩＮ沖縄５ＳＢＡ,1P0211,0.96,100円/96玉
タイホー　双葉店,501,P,ＰＡスーパー海物語ＩＮ沖縄５ＳＢＡ,1P0211,0.96,100円/96玉
タイホー　双葉店,502,P,ＰＡスーパー海物語ＩＮ沖縄５ＳＢＡ,1P0211,0.96,100円/96玉
タイホー　双葉店,503,P,ＰＡスーパー海物語ＩＮ沖縄５ＳＢＡ,1P0211,0.96,100円/96玉
タイホー　双葉店,505,P,ＰＡスーパー海物語ＩＮ沖縄５ＳＢＡ,1P0211,0.96,100円/96玉
タイホー　双葉店,506,P,ＰＡ大海物語４スペシャルＲＢＡ,0P0594,0.96,100円/96玉
タイホー　双葉店,507,P,ＰＡ大海物語４スペシャルＲＢＡ,0P0594,0.96,100円/96玉
タイホー　双葉店,508,P,ＰＡ大海物語４スペシャルＲＢＡ,0P0594,0.96,100円/96玉
タイホー　双葉店,510,P,ＰＡ大海物語４スペシャルＲＢＡ,0P0594,0.96,100円/96玉
タイホー　双葉店,511,P,ＰＡ大海物語４スペシャルＲＢＡ,0P0594,0.96,100円/96玉
タイホー　双葉店,512,P,ＰＡ大海物語４スペシャルＲＢＡ,0P0594,0.96,100円/96玉
タイホー　双葉店,513,P,ＰＡ大海物語４スペシャルＲＢＡ,0P0594,0.96,100円/96玉
タイホー　双葉店,515,P,ＰＡ大海物語４スペシャルＲＢＡ,0P0594,0.96,100円/96玉
タイホー　双葉店,516,P,ＰＡ大海物語４スペシャルＲＢＡ,0P0594,0.96,100円/96玉
タイホー　双葉店,517,P,ＰＡ大海物語４スペシャルＲＢＡ,0P0594,0.96,100円/96玉
タイホー　双葉店,518,P,ＰＡ大海物語４スペシャルＲＢＡ,0P0594,0.96,100円/96玉
タイホー　双葉店,520,P,ＰＡ大海物語４スペシャルＲＢＡ,0P0594,0.96,100円/96玉
タイホー　双葉店,521,P,ＰＡスーパー海物語ＩＮ地中海ＳＢＡ,9P1367,0.96,100円/96玉
タイホー　双葉店,522,P,ＰＡスーパー海物語ＩＮ地中海ＳＢＡ,9P1367,0.96,100円/96玉
タイホー　双葉店,523,P,ＰＡスーパー海物語ＩＮ地中海ＳＢＡ,9P1367,0.96,100円/96玉
タイホー　双葉店,525,P,ＰＡスーパー海物語ＩＮ地中海ＳＢＡ,9P1367,0.96,100円/96玉
タイホー　双葉店,526,P,ＰＡスーパー海物語ＩＮ地中海ＳＢＡ,9P1367,0.96,100円/96玉
タイホー　双葉店,527,P,ＰＡスーパー海物語ＩＮ地中海ＳＢＡ,9P1367,0.96,100円/96玉
タイホー　双葉店,528,P,ＰＡスーパー海物語ＩＮ地中海ＳＢＡ,9P1367,0.96,100円/96玉
タイホー　双葉店,530,P,ＰＡスーパー海物語ＩＮ地中海ＳＢＡ,9P1367,0.96,100円/96玉
タイホー　双葉店,531,P,ＰＡスーパー海物語ＩＮ沖縄５ＳＢＡ,1P0211,0.96,100円/96玉
タイホー　双葉店,532,P,ＰＡスーパー海物語ＩＮ沖縄５ＳＢＡ,1P0211,0.96,100円/96玉
タイホー　双葉店,533,P,ＰＡスーパー海物語ＩＮ沖縄５ＳＢＡ,1P0211,0.96,100円/96玉
タイホー　双葉店,535,P,ＰＡスーパー海物語ＩＮ沖縄５ＳＢＡ,1P0211,0.96,100円/96玉
タイホー　双葉店,536,P,ＰＡスーパー海物語ＩＮ沖縄５ＳＢＡ,1P0211,0.96,100円/96玉
タイホー　双葉店,537,P,ＰＡスーパー海物語ＩＮ沖縄５ＳＢＡ,1P0211,0.96,100円/96玉
タイホー　双葉店,538,P,ＰＡスーパー海物語ＩＮ沖縄５ＳＢＡ,1P0211,0.96,100円/96玉
タイホー　双葉店,550,P,ＰＡスーパー海物語ＩＮ沖縄５ＳＢＡ,1P0211,0.96,100円/96玉
タイホー　双葉店,551,P,ＰＡスーパー海物語ＩＮ沖縄５ＳＢＡ,1P0211,0.96,100円/96玉
タイホー　双葉店,552,P,ＰＡスーパー海物語ＩＮ沖縄５ＳＢＡ,1P0211,0.96,100円/96玉
タイホー　双葉店,553,P,ＰＡスーパー海物語ＩＮ沖縄５ＳＢＡ,1P0211,0.96,100円/96玉
タイホー　双葉店,555,P,ＰＡスーパー海物語ＩＮ沖縄５ＳＢＡ,1P0211,0.96,100円/96玉
タイホー　双葉店,556,P,ＰＡスーパー海物語ＩＮ沖縄５ＳＢＡ,1P0211,0.96,100円/96玉
タイホー　双葉店,557,P,ＰＡスーパー海物語ＩＮジャパン２ＭＧ,9P0719,0.96,100円/96玉
タイホー　双葉店,558,P,ＰＡスーパー海物語ＩＮジャパン２ＭＧ,9P0719,0.96,100円/96玉
タイホー　双葉店,560,P,ＰＡスーパー海物語ＩＮジャパン２ＭＧ,9P0719,0.96,100円/96玉
タイホー　双葉店,561,P,ＰＡスーパー海物語ＩＮジャパン２ＭＧ,9P0719,0.96,100円/96玉
タイホー　双葉店,562,P,ＰＡスーパー海物語ＩＮジャパン２ＭＧ,9P0719,0.96,100円/96玉
タイホー　双葉店,563,P,ＰＡスーパー海物語ＩＮ地中海２ＨＬＡ,410099,0.96,100円/96玉
タイホー　双葉店,565,P,ＰＡスーパー海物語ＩＮ地中海２ＨＬＡ,410099,0.96,100円/96玉
タイホー　双葉店,566,P,Ｐスーパー海物語ＩＮ沖縄５ＬＴＶ,0P1742,0.96,100円/96玉
タイホー　双葉店,567,P,Ｐスーパー海物語ＩＮ沖縄５ＬＴＶ,0P1742,0.96,100円/96玉
タイホー　双葉店,568,P,Ｐスーパー海物語ＩＮ沖縄５ＬＴＶ,0P1742,0.96,100円/96玉
タイホー　双葉店,570,P,Ｐスーパー海物語ＩＮ沖縄５ＬＴＶ,0P1742,0.96,100円/96玉
タイホー　双葉店,571,P,Ｐスーパー海物語ＩＮ沖縄５ＬＴＶ,0P1742,0.96,100円/96玉
タイホー　双葉店,572,P,Ｐスーパー海物語ＩＮ沖縄５ＬＴＶ,0P1742,0.96,100円/96玉
タイホー　双葉店,573,P,Ｐスーパー海物語ＩＮ沖縄５ＬＴＶ,0P1742,0.96,100円/96玉
タイホー　双葉店,575,P,Ｐスーパー海物語ＩＮ沖縄５ＳＣＦ,1P0514,0.96,100円/96玉
タイホー　双葉店,576,P,Ｐスーパー海物語ＩＮ沖縄５ＳＣＦ,1P0514,0.96,100円/96玉
タイホー　双葉店,577,P,Ｐスーパー海物語ＩＮ沖縄５ＳＣＦ,1P0514,0.96,100円/96玉
タイホー　双葉店,578,P,Ｐスーパー海物語ＩＮジャパン２ＳＣＢ,9P1529,0.96,100円/96玉
タイホー　双葉店,580,P,Ｐスーパー海物語ＩＮジャパン２ＳＣＢ,9P1529,0.96,100円/96玉
タイホー　双葉店,581,P,Ｐスーパー海物語ＩＮジャパン２ＳＣＢ,9P1529,0.96,100円/96玉
タイホー　双葉店,582,P,Ｐスーパー海物語ＩＮジャパン２ＳＣＢ,9P1529,0.96,100円/96玉
タイホー　双葉店,583,P,Ｐ大海物語４スペシャルＳＣＡ,0P1589,0.96,100円/96玉
タイホー　双葉店,585,P,Ｐ大海物語４スペシャルＳＣＡ,0P1589,0.96,100円/96玉
タイホー　双葉店,586,P,Ｐ大海物語４スペシャルＳＣＡ,0P1589,0.96,100円/96玉
タイホー　双葉店,587,P,Ｐ大海物語４スペシャルＳＣＡ,0P1589,0.96,100円/96玉
タイホー　双葉店,588,P,Ｐ大海物語４スペシャルＳＣＡ,0P1589,0.96,100円/96玉
タイホー　双葉店,600,P,Ｐ大海物語４スペシャルＳＣＡ,0P1589,0.96,100円/96玉
タイホー　双葉店,601,P,Ｐ新世紀エヴァンゲリオン１５　未来への咆哮Ｙ,1P1294,0.96,100円/96玉
タイホー　双葉店,602,P,Ｐ真・花の慶次２Ｍ３－ＶＣ,1P0681,0.96,100円/96玉
タイホー　双葉店,603,P,ＰＡ激デジジューシーハニーハーレムＲＡＹ,2P1522,0.96,100円/96玉
タイホー　双葉店,605,P,Ｐフィーバー革命機ヴァルヴレイヴ２Ｆ,0P1635,0.96,100円/96玉
タイホー　双葉店,606,P,Ｐ頭文字ＤＳＥＪＧ,1P1667,0.96,100円/96玉
タイホー　双葉店,607,P,Ｐデジハネエウレカセブンハイエボ２ＳＳＰＢ,310633,0.96,100円/96玉
タイホー　双葉店,608,P,Ｐ麻雀物語４Ｍ１ＡＵ１Ｙ,1P1449,0.96,100円/96玉
タイホー　双葉店,610,P,ＰＡフィーバーマクロスフロンティア４Ｙ,1P0633,0.96,100円/96玉
タイホー　双葉店,611,P,Ｐとある科学の超電磁砲２ＪＭＢ,4P0379,0.96,100円/96玉
タイホー　双葉店,612,P,ＰＡ真・花の慶次２Ｎ２－Ｘ１,0P0772,0.96,100円/96玉
タイホー　双葉店,613,P,ＰアズールレーンTHE ANIMATION～異次元トリガー１９９～Ｍ４,4P0088,0.96,100円/96玉
タイホー　双葉店,615,P,Ｐ真北斗無双ＦＷＱＧ,1P1264,0.96,100円/96玉
タイホー　双葉店,616,P,Ｐ新世紀エヴァンゲリオン１５　未来への咆哮Ｆ,1P0766,0.96,100円/96玉
タイホー　双葉店,617,P,Ｐ真・一騎当千ＦＭ－Ｖ,210005,0.96,100円/96玉
タイホー　双葉店,618,P,Ｐ真北斗無双４ＧＦＰＨ,210262,0.96,100円/96玉
タイホー　双葉店,620,P,Ｐ弾球黙示録カイジ沼５Ｖ１Ｕ,3P0935,0.96,100円/96玉
タイホー　双葉店,621,P,Ｐフィーバー機動戦士ガンダムユニコーン２　Ｓ,410029,0.96,100円/96玉
タイホー　双葉店,622,P,Ｐ北斗の拳９闘神ＧＦＧ,1P0872,0.96,100円/96玉
タイホー　双葉店,623,P,Ｐ地獄少女覚醒３０００Ｖｅｒ．ＦＨＺ,210181,0.96,100円/96玉
タイホー　双葉店,625,P,Ｐフィーバー機動戦士ガンダムユニコーンｂ,1P0313,0.96,100円/96玉
タイホー　双葉店,626,P,Ｐ緋弾のアリア　～緋弾覚醒編～ＦＶＡ,0P1472,0.96,100円/96玉
タイホー　双葉店,627,P,Ｐフィーバーかぐや様は告らせたいＲ,310267,0.96,100円/96玉
タイホー　双葉店,628,P,ＰＡ真・暴れん坊将軍９９Ｖｅｒ．ＦＷＺ,110061,0.96,100円/96玉
タイホー　双葉店,630,P,Ｐ七つの大罪２ＧＲＰＨ,310446,0.96,100円/96玉
タイホー　双葉店,631,P,Ｐリング　バースデイ　呪いの始まりＦＲＸ設定付,9P0164,0.96,100円/96玉
タイホー　双葉店,632,P,Ｐとある魔術の禁書目録　Ｌｉｇｈｔ　ＪＲＢ,1P1585,0.96,100円/96玉
タイホー　双葉店,633,P,ＰフィーバーからくりサーカスＶ,210057,0.96,100円/96玉
タイホー　双葉店,635,P,ｅシン・エヴァンゲリオンＺ,3P0777,0.96,100円/96玉
タイホー　双葉店,636,P,Ｐ頭文字Ｄ２ＧＦＰＧ,410041,0.96,100円/96玉
タイホー　双葉店,637,P,Ｐターミネーター２Ｌ１ＢＳ１Ｓ,8P0835,0.96,100円/96玉
タイホー　双葉店,638,P,ＰＡガラスの仮面Ｎ－Ｋ１,9P1810,0.96,100円/96玉
タイホー　双葉店,650,P,Ｐ新世紀エヴァンゲリオン　シト、新生Ｇ,9P1121,0.96,100円/96玉
タイホー　双葉店,651,P,Ｐゲゲゲの鬼太郎　獅子奮迅ＲＲＺ,310184,0.96,100円/96玉
タイホー　双葉店,652,P,ＰＡコマコマ倶楽部＠エイジセレクトＹ２Ｆ,9P0083,0.96,100円/96玉
タイホー　双葉店,653,P,Ｐフィーバー機動戦士ガンダムユニコーンｂ,1P0313,0.96,100円/96玉
タイホー　双葉店,655,P,Ｐとある科学の超電磁砲ＦＳＢ,1P0983,0.96,100円/96玉
タイホー　双葉店,656,P,Ｐフィーバーアイドルマスター　３９フェス,1P1170,0.96,100円/96玉
タイホー　双葉店,657,P,Ｐリング　呪いの７日間２　ＪＮ,0P0076,0.96,100円/96玉
タイホー　双葉店,658,P,Ｐ化物語２ＧＦＰＡ,3P1506,0.96,100円/96玉
タイホー　双葉店,660,P,Ｐ宇宙戦艦ヤマト２２０２　ＯＮＬＹ　ＯＮＥ　Ｒ,1P1927,0.96,100円/96玉
タイホー　双葉店,661,P,ＰＡわんわんパラダイスＶ－ＧＢＡ,0Ｐ0666,0.96,100円/96玉
タイホー　双葉店,662,P,Ｐフィーバー機動戦士ガンダムユニコーンｂ,1P0313,0.96,100円/96玉
タイホー　双葉店,663,P,Ｐラブ嬢３Ｈ１ＹＺ６,3P1751,0.96,100円/96玉
タイホー　双葉店,665,P,Ｐ北斗の拳暴凶星ＳＦＰＡ,2P1336,0.96,100円/96玉
タイホー　双葉店,666,P,Ｐコマコマ倶楽部ｗｉｔｈ坂本冬美Ｌ３,1P0992,0.96,100円/96玉
タイホー　双葉店,667,P,Ｐ牙狼ゴールドインパクトＸＸ－ＭＺ,2P0984,0.96,100円/96玉
タイホー　双葉店,668,P,ｅゴッドイータートリプルバーストＭＪ,410192,0.96,100円/96玉
タイホー　双葉店,670,P,ＰＡビビッドレッド・オペレーションＮ２－Ｋ,1P1929,0.96,100円/96玉
タイホー　双葉店,671,P,Ｐ魔王学院の不適合者ＦＭＹ,310659,0.96,100円/96玉
タイホー　双葉店,672,P,Ｐはぐれ刑事純情派Ｌ６－ＸＹ,1P1741,0.96,100円/96玉
タイホー　双葉店,673,P,Ｐフィーバーダンベル何キロ持てる？Ｖ,2P1346,0.96,100円/96玉
タイホー　双葉店,675,P,Ｐ緋弾のアリア　～緋緋神降臨～ＬＴ搭載ＦＳＺ,310452,0.96,100円/96玉
タイホー　双葉店,676,P,Ｐぱちんこ魔法少女まどか☆マギカ２Ｈ５,9P1033,0.96,100円/96玉
タイホー　双葉店,677,P,ＰフィーバークィーンⅡＶ,3P0229,0.96,100円/96玉
タイホー　双葉店,678,P,Ｐ宇宙戦艦ヤマト２２０２ｂＳ,0P1825,0.96,100円/96玉
タイホー　双葉店,680,P,ＰぱちんこウルトラマンティガＫ１７,2P0708,0.96,100円/96玉
タイホー　双葉店,681,P,Ｐゴジラ対エヴァンゲリオン　Ｇ細胞覚醒Ｌ,210166,0.96,100円/96玉
タイホー　双葉店,682,P,Ｐミニミニモンスター４ａ,9P1822,0.96,100円/96玉
タイホー　双葉店,683,P,Ｐサラリーマン金太郎　ＦＶＥ,3P1214,0.96,100円/96玉
タイホー　双葉店,685,P,Ｐ　Ｒｅ：ゼロから始める異世界生活　鬼がかりｖｅｒ.　Ｍ０８,1P0774,0.96,100円/96玉
タイホー　双葉店,686,P,Ｐ真・花の慶次２Ｍ３－ＶＣ,1P0681,0.96,100円/96玉
タイホー　双葉店,687,P,ＰＡコマコマ倶楽部ｗｉｔｈ坂本冬美ＬＯＯＰ１,4P0286,0.96,100円/96玉
タイホー　双葉店,688,P,Ｐとある科学の超電磁砲ＦＳＢ,1P0983,0.96,100円/96玉
タイホー　双葉店,700,P,ｅゴッドイータートリプルバーストＭＪ,410192,0.96,100円/96玉
タイホー　双葉店,701,P,Ｐ花の慶次～蓮Ｌ１６－Ｖ,9P1115,0.96,100円/96玉
タイホー　双葉店,702,P,Ｐ真・花の慶次３ＴＬ５－ＭＸ,2P0966,0.96,100円/96玉
タイホー　双葉店,703,P,Ｐ真北斗無双４ＧＦＰＨ,210262,0.96,100円/96玉
タイホー　双葉店,705,P,Ｐゴジラ対エヴァンゲリオン　Ｇ細胞覚醒Ｌ,210166,0.96,100円/96玉
タイホー　双葉店,706,P,Ｐ七つの大罪２ＧＦＰＡ,210158,0.96,100円/96玉
タイホー　双葉店,707,P,Ｐフィーバー戦姫絶唱シンフォギア　黄金絶唱Ｎ,210099,0.96,100円/96玉
タイホー　双葉店,708,P,ＰちょいパチナナシーＤＸⅡＧ３９,8P0978,0.96,100円/96玉
タイホー　双葉店,710,P,Ｐ新世紀エヴァンゲリオン１５　未来への咆哮,1P0653,0.96,100円/96玉
タイホー　双葉店,711,P,Ｐフィーバー炎炎ノ消防隊Ｇ,2P0685,0.96,100円/96玉
タイホー　双葉店,712,P,Ｐ中森明菜・歌姫伝説４ＬＭ－Ｔ,0P1605,0.96,100円/96玉
タイホー　双葉店,713,P,ＰフィーバークィーンⅡＶ,3P0229,0.96,100円/96玉
タイホー　双葉店,715,P,ＰＡ乗物娘Ｎ－Ｋ　ＹＴ２００,1P0605,0.96,100円/96玉
タイホー　双葉店,716,P,ＰＡ激デジジューシーハニー３ＮＣＹ,1P0026,0.96,100円/96玉
タイホー　双葉店,717,P,Ｐリアル鬼ごっこ２Ｖ３Ａ,1P0967,0.96,100円/96玉
タイホー　双葉店,718,P,Ｐコードギアス　反逆のルルーシュbＡ,0P1235,0.96,100円/96玉
タイホー　双葉店,720,P,Ｐドラム花火の源さんＨＣＢ,310352,0.96,100円/96玉
タイホー　双葉店,721,P,Ｐ北斗の拳９闘神ＧＦＧ,1P0872,0.96,100円/96玉
タイホー　双葉店,722,P,Ｐ宇宙戦艦ヤマト２２０２ｂＨ,1P0316,0.96,100円/96玉
タイホー　双葉店,723,P,Ｐ牙狼１１～冴島大河～ＸＸ－ＭＵ,410024,0.96,100円/96玉
タイホー　双葉店,725,P,ＰＡ真・怪獣王ゴジラＮ２－Ｋ６,8P1008,0.96,100円/96玉
タイホー　双葉店,726,P,Ｐ義風堂々！！～兼続と慶次～２Ｍ６－Ｘ,9P0915,0.96,100円/96玉
タイホー　双葉店,727,P,Ｐ銀河鉄道９９９２Ｈ１ＡＵ６,9P1769,0.96,100円/96玉
タイホー　双葉店,728,P,Ｐ百花繚乱ＦＭ－ＪＦ,310172,0.96,100円/96玉
タイホー　双葉店,730,P,Ｐ新世紀エヴァンゲリオン１５　未来への咆哮,1P0653,0.96,100円/96玉
タイホー　双葉店,731,P,Ｐとある魔術の禁書目録２ＪＭＺ,310350,0.96,100円/96玉
タイホー　双葉店,732,P,Ｐ新世紀エヴァンゲリオン　シト、新生Ｙ,9P1592,0.96,100円/96玉
タイホー　双葉店,733,P,ＰＡ元祖大工の源さん２ＪＢＢ,210056,0.96,100円/96玉
タイホー　双葉店,735,P,Ｐとある魔術の禁書目録　Ｌｉｇｈｔ　ＪＲＢ,1P1585,0.96,100円/96玉
タイホー　双葉店,736,P,Ｐこの素晴らしい世界に祝福を！ＬＴ３,310564,0.96,100円/96玉
タイホー　双葉店,737,P,Ｐ真・牙狼２－ＲＰ,210103,0.96,100円/96玉
タイホー　双葉店,738,P,Ｐフィーバー戦姫絶唱シンフォギア　黄金絶唱Ｎ,210099,0.96,100円/96玉
タイホー　双葉店,750,P,Ｐギルティクラウン２ＭＥ,3P0470,0.96,100円/96玉
タイホー　双葉店,751,P,Ｐあぶない刑事Ｎ－Ｚ　ＹＴ３５０,1P0717,0.96,100円/96玉
タイホー　双葉店,752,P,ＰワンパンマンＬ３－ＭＸ,2P0435,0.96,100円/96玉
タイホー　双葉店,753,P,Ｐ　Ｒｅ：ゼロから始める異世界生活　鬼がかりｖｅｒ.　Ｍ０８,1P0774,0.96,100円/96玉
タイホー　双葉店,755,P,ＰＬＴ　ＯＶＥＲＰＡＣＨＩＮＫＯ－ＭＥ,310505,0.96,100円/96玉
タイホー　双葉店,756,P,ｅぱちんこソードアート・オンラインＫ１２,3P0755,0.96,100円/96玉
タイホー　双葉店,757,P,ｅぱちんこソードアート・オンラインＫ１２,3P0755,0.96,100円/96玉
タイホー　双葉店,758,P,ｅ花の慶次～裂一刀両断ＤＬ２－ＭＸ,3P0090,0.96,100円/96玉
タイホー　双葉店,760,P,ＰＡデジハネ真北斗無双第２章ＳＳＥ,0P1818,0.96,100円/96玉
タイホー　双葉店,761,P,Ｐとある科学の超電磁砲ＦＳＢ,1P0983,0.96,100円/96玉
タイホー　双葉店,762,P,Ｐ新世紀エヴァンゲリオン１５　未来への咆哮,1P0653,0.96,100円/96玉
タイホー　双葉店,763,P,ＰＡうる星やつらＮ－Ｋ,9P1572,0.96,100円/96玉
タイホー　双葉店,765,P,Ｐとある科学の超電磁砲　最強御坂ＶｅｒＲＶＺ,210239,0.96,100円/96玉
タイホー　双葉店,766,P,Ｐハイスクール・フリート２ＭＨ,3P0424,0.96,100円/96玉
タイホー　双葉店,767,P,Ｐぱちんこ乃木坂４６キュンキュンライトｖｅｒ．ＫＡＣ１,2P1731,0.96,100円/96玉
タイホー　双葉店,768,P,Ｐデビルメイクライ４ＡＡ,9P0382,0.96,100円/96玉
タイホー　双葉店,770,P,ＰＡ激デジ牙狼月虹ノ旅人－ＲＬ,310325,0.96,100円/96玉
タイホー　双葉店,771,P,ＰハイスクールＤ×Ｄ真紅ＭＣ,1P1080,0.96,100円/96玉
タイホー　双葉店,772,P,ＰＡ真・暴れん坊将軍９９Ｖｅｒ．ＦＷＺ,110061,0.96,100円/96玉
タイホー　双葉店,773,P,Ｐフィーバー三国戦騎７５００,3P1560,0.96,100円/96玉
タイホー　双葉店,775,P,Ｐ真・花の慶次３ＴＬ５－ＭＸ,2P0966,0.96,100円/96玉
タイホー　双葉店,776,P,ＰＡ元祖大工の源さんＷＢＥ,9P0934,0.96,100円/96玉
タイホー　双葉店,777,P,Ｐおばけらんど怪ＸＡ,8P1323,0.96,100円/96玉
タイホー　双葉店,778,P,ＰＡぱちんこキン肉マン３特盛ミートバージョンＭＪ１,110107,0.96,100円/96玉
タイホー　双葉店,780,P,Ｐ　ＦＡＩＲＹ　ＴＡＩＬ２　ＪＨＤ,0P1169,0.96,100円/96玉
タイホー　双葉店,781,P,Ｐストライクウィッチーズ２ＨＣＬ,1P1027,0.96,100円/96玉
タイホー　双葉店,782,P,Ｐうる星やつら２Ｌ２－Ｋ,3P1715,0.96,100円/96玉
タイホー　双葉店,783,P,Ｐめぞん一刻５Ｈ１ＹＸ１,0P1712,0.96,100円/96玉
タイホー　双葉店,785,P,Ｐ真北斗無双３ジャギの逆襲ＧＥＥ,1P1193,0.96,100円/96玉
タイホー　双葉店,786,P,Ｐいくさの子ＧＦＰＦ,4P0453,0.96,100円/96玉
タイホー　双葉店,787,P,ＰＡＣＹＢＯＲＧ００９Ｎ－Ｘ１,9P1321,0.96,100円/96玉
タイホー　双葉店,788,P,Ｐデビルマン疾風迅雷Ｎ２－Ｘ１　ＹＴ３８９,1P1912,0.96,100円/96玉
タイホー　双葉店,800,P,Ｐフィーバー機動戦士ガンダムＳＥＥＤ　Ｓ,3P0384,0.96,100円/96玉
タイホー　双葉店,801,P,Ｐシン・エヴァンゲリオンＸ,3P0912,0.96,100円/96玉
タイホー　双葉店,802,P,Ｐ激デジ真・牙狼ＲＢＹ４,1P1026,0.96,100円/96玉
タイホー　双葉店,803,P,Ｐ犬夜叉２ＦＭ－Ｎ,1P0003,0.96,100円/96玉
タイホー　双葉店,805,P,Ｐフィーバーマクロスフロンティア５Ｗ,310556,0.96,100円/96玉
タイホー　双葉店,806,P,Ｐ戦国乙女５９ＡＵ１,9P0921,0.96,100円/96玉
タイホー　双葉店,807,P,ＰＡフィーバーマクロスフロンティア４Ｙ,1P0633,0.96,100円/96玉
タイホー　双葉店,808,P,Ｐフィーバー機動戦士ガンダムＳＥＥＤ　Ｓ,3P0384,0.96,100円/96玉
タイホー　双葉店,810,P,Ｐ地獄少女　Ｌｉｇｈｔ　ＦＶＢ,2P1485,0.96,100円/96玉
タイホー　双葉店,811,P,Ｐフィーバーかぐや様は告らせたいＲ,310267,0.96,100円/96玉
タイホー　双葉店,812,P,Ｐとある魔術の禁書目録ＪＵＡ,0P0703,0.96,100円/96玉
タイホー　双葉店,813,P,Ｐ天才バカボン６ＦＤ－ＲＳ,1P1094,0.96,100円/96玉
タイホー　双葉店,815,P,Ｐやじきた道中記ＭＭ,2P1622,0.96,100円/96玉
タイホー　双葉店,816,P,Ｐ魔法少女まどか☆マギカ３ＬＭ３,3P1891,0.96,100円/96玉
タイホー　双葉店,817,P,Ｐ宇宙戦艦ヤマト２２０２－３Ｇ,410355,0.96,100円/96玉
タイホー　双葉店,818,P,Ｐ緋弾のアリア　～緋緋神降臨～ＬＴ搭載ＦＳＺ,310452,0.96,100円/96玉
タイホー　双葉店,820,P,Ｐ世界でいちばん強くなりたいＲＨＹ,1P1060,0.96,100円/96玉
タイホー　双葉店,821,P,ＰＡ緋弾のアリア　～緋弾覚醒編～ＦＲＡ,1P1761,0.96,100円/96玉
タイホー　双葉店,822,P,Ｐ真北斗無双ＦＷＱＧ,1P1264,0.96,100円/96玉
タイホー　双葉店,823,P,ＰＡ真・花の慶次２Ｎ２－Ｘ１,0P0772,0.96,100円/96玉
タイホー　双葉店,825,P,Ｐ江頭２：５０　ｉｎナナシーＶ３,4P0800,0.96,100円/96玉
タイホー　双葉店,826,P,Ｐ花満開　月光ＧＣＡ,1P1312,0.96,100円/96玉
タイホー　双葉店,827,P,ＰＤＤ北斗の拳２Ｖ１Ｆ,1P0437,0.96,100円/96玉
タイホー　双葉店,828,P,Ｐ北斗の拳８救世主ＳＦＪＥ,0P1657,0.96,100円/96玉
タイホー　双葉店,830,P,Ｐゴジラ対エヴァンゲリオン　Ｇ細胞覚醒Ｌ,210166,0.96,100円/96玉
タイホー　双葉店,831,P,ＰフィーバークィーンⅡＶ,3P0229,0.96,100円/96玉
タイホー　双葉店,832,P,Ｐブラックラグーン４ＧＦＰＪ,310030,0.96,100円/96玉
タイホー　双葉店,833,P,Ｐ新世紀エヴァンゲリオン１５　未来への咆哮,1P0653,0.96,100円/96玉
タイホー　双葉店,835,P,Ｐルパン三世１４Ｈ１ＹＺ４,4P0455,0.96,100円/96玉
タイホー　双葉店,836,P,Ｐシン・エヴァンゲリオンＸ,3P0912,0.96,100円/96玉
タイホー　双葉店,837,P,Ｐ北斗の拳強敵ＳＳＰＡ,3P0914,0.96,100円/96玉
タイホー　双葉店,838,P,Ｐデジハネ聖戦士ダンバイン２ＳＳＰＢ,3P1188,0.96,100円/96玉
タイホー　双葉店,850,P,Ｐコードギアス　反逆のルルーシュ３Ｙ,3P0218,0.96,100円/96玉
タイホー　双葉店,1001,S,Ｌ聖闘士星矢海皇覚醒ＥＤ,430030,5.2,500円/96枚
タイホー　双葉店,1002,S,Ｌ聖闘士星矢海皇覚醒ＥＤ,430030,5.2,500円/96枚
タイホー　双葉店,1003,S,Ｌダンベル何キロ持てる？Ｘ,4S0474,5.2,500円/96枚
タイホー　双葉店,1005,S,Ｌ　パチスロゴールデンカムイ　ＫＲ,330548,5.2,500円/96枚
タイホー　双葉店,1006,S,Ｌ　パチスロゴールデンカムイ　ＫＲ,330548,5.2,500円/96枚
タイホー　双葉店,1007,S,Ｌとある魔術の禁書目録ＪＣ,3S0728,5.2,500円/96枚
タイホー　双葉店,1008,S,Ｌラブキューレ２ＰＳ,3S0048,5.2,500円/96枚
タイホー　双葉店,1010,S,Ｌアカメが斬る！２ＴＮ,3S1760,5.2,500円/96枚
タイホー　双葉店,1011,S,Ｌ戦姫絶唱シンフォギア　正義の歌ｊＡ,3S1917,5.2,500円/96枚
タイホー　双葉店,1012,S,Ｌ主役は銭形４Ｌ１,2S1590,5.2,500円/96枚
タイホー　双葉店,1013,S,Ｌ黄門ちゃま天Ｌ２,430172,5.2,500円/96枚
タイホー　双葉店,1015,S,Ｌ　スマスロ真北斗無双　ＦＳ,3S1512,5.2,500円/96枚
タイホー　双葉店,1016,S,Ｌ　スマスロ真北斗無双　ＦＳ,3S1512,5.2,500円/96枚
タイホー　双葉店,1017,S,Ｌ　Ｒｅ：ゼロから始める異世界生活　ｓｅａｓｏｎ２ＰＡ５,430205,5.2,500円/96枚
タイホー　双葉店,1018,S,Ｌ　Ｒｅ：ゼロから始める異世界生活　ｓｅａｓｏｎ２ＰＡ５,430205,5.2,500円/96枚
タイホー　双葉店,1020,S,Ｌ鬼武者３ＸＡ,4S0403,5.2,500円/96枚
タイホー　双葉店,1021,S,Ｌ鬼武者３ＸＡ,4S0403,5.2,500円/96枚
タイホー　双葉店,1022,S,Ｌパチスロうる星やつらＥＶ,3S0160,5.2,500円/96枚
タイホー　双葉店,1023,S,Ｌ／バジリスク絆２～天膳～／ＺＮ,330412,5.2,500円/96枚
タイホー　双葉店,1025,S,Ｌ／バジリスク絆２～天膳～／ＺＮ,330412,5.2,500円/96枚
タイホー　双葉店,1026,S,Ｓ　パチスロ頭文字Ｄ　ＸＲ,0S0903,5.2,500円/96枚
タイホー　双葉店,1027,S,Ｓ　パチスロ甲鉄城のカバネリ　ＺＲ,2S0243,5.2,500円/96枚
タイホー　双葉店,1028,S,Ｓ　エウレカセブン３　ＨＩＥＶＯ　ＺＲ,9S1265,5.2,500円/96枚
タイホー　双葉店,1030,S,Ｓ　パチスロ甲鉄城のカバネリ　ＺＲ,2S0243,5.2,500円/96枚
タイホー　双葉店,1031,S,Ｓスーパー海物語ＩＮＪＡＰＡＮ祭ＰＥ,1S1823,5.2,500円/96枚
タイホー　双葉店,1032,S,ＳバイオハザードＲＥ：２　ＸＢ,2S0613,5.2,500円/96枚
タイホー　双葉店,1033,S,Ｓ　ディスクアップ２　ＺＦ,0S0593,5.2,500円/96枚
タイホー　双葉店,1035,S,ＳグランベルムＺＸＺ,330077,5.2,500円/96枚
タイホー　双葉店,1036,S,Ｓダンまち２ＸＺ,3S1481,5.2,500円/96枚
タイホー　双葉店,1037,S,Ｓ　パチスロ北斗の拳ＡＣ　ＬＡ,0S1190,5.2,500円/96枚
タイホー　双葉店,1038,S,ＳバイオハザードＲＥ：２　ＸＢ,2S0613,5.2,500円/96枚
タイホー　双葉店,1050,S,Ｓ　パチスロ甲鉄城のカバネリ　ＺＲ,2S0243,5.2,500円/96枚
タイホー　双葉店,1051,S,Ｓモンキーターン４ＺＤＤ,9S172900,5.2,500円/96枚
タイホー　双葉店,1052,S,Ｓ　コードギアス反逆のルルーシュ３　ＫＺ,1S0429,5.2,500円/96枚
タイホー　双葉店,1053,S,Ｓ／甲賀忍法帖／ＬＬ,9S1461,5.2,500円/96枚
タイホー　双葉店,1055,S,ＳグランベルムＺＸＺ,330077,5.2,500円/96枚
タイホー　双葉店,1056,S,Ｓ炎炎ノ消防隊ｊＳ,2S1217,5.2,500円/96枚
タイホー　双葉店,1057,S,ＳマジカルハロウィンＦＰ,1S0757,5.2,500円/96枚
タイホー　双葉店,1058,S,Ｓ押忍！番長ＺＥＲＯ　ＰＣ１,1S0782,5.2,500円/96枚
タイホー　双葉店,1060,S,Ｓ／新ハナビＲ／ＨＡ,1S0226,5.2,500円/96枚
タイホー　双葉店,1061,S,Ｓ／新ハナビＲ／ＨＡ,1S0226,5.2,500円/96枚
タイホー　双葉店,1062,S,Ｓ／新ハナビＲ／ＨＡ,1S0226,5.2,500円/96枚
タイホー　双葉店,1063,S,Ｓ　ハードボイルド　ＸＸ,2S0375,5.2,500円/96枚
タイホー　双葉店,1065,S,Ｓ機動戦士ガンダムユニコーンｓＦ,2S1613,5.2,500円/96枚
タイホー　双葉店,1066,S,Ｓ新鬼武者２ＺＣ,2S0228,5.2,500円/96枚
タイホー　双葉店,1067,S,Ｓ　パチスロ甲鉄城のカバネリ　ＺＲ,2S0243,5.2,500円/96枚
タイホー　双葉店,1068,S,Ｓ／沖ドキ！ＤＵＯ／ＤＨ,1S1406,5.2,500円/96枚
タイホー　双葉店,1070,S,Ｓ　傷物語　ＦＳ,230305,5.2,500円/96枚
タイホー　双葉店,1071,S,ＳバイオハザードＲＥ：２　ＸＢ,2S0613,5.2,500円/96枚
タイホー　双葉店,1072,S,Ｓ天下布武４ＨＨ,9S0899,5.2,500円/96枚
タイホー　双葉店,1073,S,Ｓ新鬼武者２ＺＣ,2S0228,5.2,500円/96枚
タイホー　双葉店,1075,S,Ｓ　パチスロ甲鉄城のカバネリ　ＺＲ,2S0243,5.2,500円/96枚
タイホー　双葉店,1076,S,Ｓ押忍！番長ＺＥＲＯ　ＰＣ１,1S0782,5.2,500円/96枚
タイホー　双葉店,1077,S,Ｓ黄門ちゃま喝２Ｌ１,2S0287,5.2,500円/96枚
タイホー　双葉店,1078,S,ＳアイムジャグラーＥＸ－ＴＰ,9S1309,5.2,500円/96枚
タイホー　双葉店,1080,S,Ｓ　エウレカセブンＨＩＥＶＯ　ＸＳ,330002,5.2,500円/96枚
タイホー　双葉店,1081,S,Ｓ　パチスロ甲鉄城のカバネリ　ＺＲ,2S0243,5.2,500円/96枚
タイホー　双葉店,1082,S,Ｓ　アラジンクラシック　ＫＦ,1S1061,5.2,500円/96枚
タイホー　双葉店,1083,S,Ｓ押忍！番長ＺＥＲＯ　ＰＣ１,1S0782,5.2,500円/96枚
タイホー　双葉店,1085,S,Ｓ絶対衝激ⅢＳＳ,0Ｓ1415,5.2,500円/96枚
タイホー　双葉店,1086,S,Ｌ大工の源さん超夢源ＰＨ,3S0747,5.2,500円/96枚
タイホー　双葉店,1087,S,ＬワンパンマンＥＹ,4S0335,5.2,500円/96枚
タイホー　双葉店,1088,S,Ｌマクロスフロンティア４ｂＡ,330403,5.2,500円/96枚
タイホー　双葉店,1100,S,Ｌ押忍！番長４　Ａ３,3S1296,5.2,500円/96枚
タイホー　双葉店,1101,S,Ｌ押忍！番長４　Ａ３,3S1296,5.2,500円/96枚
タイホー　双葉店,1102,S,Ｌ　ＨＥＹ！エリートサラリーマン鏡ＰＡ４,2S0855,5.2,500円/96枚
タイホー　双葉店,1103,S,ＬゴブリンスレイヤーＲＤ,2S1588,5.2,500円/96枚
タイホー　双葉店,1105,S,Ｌ　バイオハザードヴェンデッタ　ＦＫ,3S0143,5.2,500円/96枚
タイホー　双葉店,1106,S,Ｌパチスロ転生したらスライムだった件ＣＤ,3S0494,5.2,500円/96枚
タイホー　双葉店,1107,S,Ｌガールズ＆パンツァー最終章Ｈ１,3S1400,5.2,500円/96枚
タイホー　双葉店,1108,S,Ｌガールズ＆パンツァー最終章Ｈ１,3S1400,5.2,500円/96枚
タイホー　双葉店,1110,S,Ｌ革命機ヴァルヴレイヴＤ,2S0869,5.2,500円/96枚
タイホー　双葉店,1111,S,Ｌバイオハザード　ヴィレッジＸＡ,3S1160,5.2,500円/96枚
タイホー　双葉店,1112,S,Ｌマジカルハロウィン８ＦＥ,3S0939,5.2,500円/96枚
タイホー　双葉店,1113,S,Ｌスロット　ソードアート・オンラインＢ２,2S1694,5.2,500円/96枚
タイホー　双葉店,1115,S,Ｌスロット　ソードアート・オンラインＢ２,2S1694,5.2,500円/96枚
タイホー　双葉店,1116,S,Ｌゲゲゲの鬼太郎　覚醒ＪＣ,4S0089,5.2,500円/96枚
タイホー　双葉店,1117,S,Ｌ　コードギアス復活のルルーシュ　ＺＳ,3S0863,5.2,500円/96枚
タイホー　双葉店,1118,S,ＬキングパルサーＳＬＣＣ,3S1231,5.2,500円/96枚
タイホー　双葉店,1120,S,ＬキングパルサーＳＬＣＣ,3S1231,5.2,500円/96枚
タイホー　双葉店,1121,S,ＳアイムジャグラーＥＸ－ＴＰ,9S1309,20.83,1000円/48枚
タイホー　双葉店,1122,S,ＳアイムジャグラーＥＸ－ＴＰ,9S1309,20.83,1000円/48枚
タイホー　双葉店,1123,S,ＳアイムジャグラーＥＸ－ＴＰ,9S1309,20.83,1000円/48枚
タイホー　双葉店,1125,S,ＳアイムジャグラーＥＸ－ＴＰ,9S1309,20.83,1000円/48枚
タイホー　双葉店,1126,S,ＳアイムジャグラーＥＸ－ＴＰ,9S1309,20.83,1000円/48枚
タイホー　双葉店,1127,S,ＳアイムジャグラーＥＸ－ＴＰ,9S1309,20.83,1000円/48枚
タイホー　双葉店,1128,S,ＳアイムジャグラーＥＸ－ＴＰ,9S1309,20.83,1000円/48枚
タイホー　双葉店,1130,S,ＳアイムジャグラーＥＸ－ＴＰ,9S1309,20.83,1000円/48枚
タイホー　双葉店,1131,S,ＳアイムジャグラーＥＸ－ＴＰ,9S1309,20.83,1000円/48枚
タイホー　双葉店,1132,S,ＳアイムジャグラーＥＸ－ＴＰ,9S1309,20.83,1000円/48枚
タイホー　双葉店,1133,S,ＳアイムジャグラーＥＸ－ＴＰ,9S1309,20.83,1000円/48枚
タイホー　双葉店,1135,S,ＳミスタージャグラーＫＫ,3S0174,20.83,1000円/48枚
タイホー　双葉店,1136,S,ＳミスタージャグラーＫＫ,3S0174,20.83,1000円/48枚
タイホー　双葉店,1137,S,ＳマイジャグラーＶＫＤ,9S1793,20.83,1000円/48枚
タイホー　双葉店,1138,S,ＳマイジャグラーＶＫＤ,9S1793,20.83,1000円/48枚
タイホー　双葉店,1150,S,ＳマイジャグラーＶＫＤ,9S1793,20.83,1000円/48枚
タイホー　双葉店,1151,S,ＳマイジャグラーＶＫＤ,9S1793,20.83,1000円/48枚
タイホー　双葉店,1152,S,ＳマイジャグラーＶＫＤ,9S1793,20.83,1000円/48枚
タイホー　双葉店,1153,S,ＳマイジャグラーＶＫＤ,9S1793,20.83,1000円/48枚
タイホー　双葉店,1155,S,ＳマイジャグラーＶＫＤ,9S1793,20.83,1000円/48枚
タイホー　双葉店,1156,S,Ｓゴーゴージャグラー３ＫＡ,2S0743,20.83,1000円/48枚
タイホー　双葉店,1157,S,Ｓゴーゴージャグラー３ＫＡ,2S0743,20.83,1000円/48枚
タイホー　双葉店,1158,S,Ｓゴーゴージャグラー３ＫＡ,2S0743,20.83,1000円/48枚
タイホー　双葉店,1160,S,Ｓゴーゴージャグラー３ＫＡ,2S0743,20.83,1000円/48枚
タイホー　双葉店,1161,S,Ｓゴーゴージャグラー３ＫＡ,2S0743,20.83,1000円/48枚
タイホー　双葉店,1162,S,Ｓゴーゴージャグラー３ＫＡ,2S0743,20.83,1000円/48枚
タイホー　双葉店,1163,S,ＳジャグラーガールズＳＳ－ＫＨ,330257,20.83,1000円/48枚
タイホー　双葉店,1165,S,ＳジャグラーガールズＳＳ－ＫＨ,330257,20.83,1000円/48枚
タイホー　双葉店,1166,S,ＳウルトラミラクルジャグラーＫＴ,330695,20.83,1000円/48枚
タイホー　双葉店,1167,S,ＳウルトラミラクルジャグラーＫＴ,330695,20.83,1000円/48枚
タイホー　双葉店,1168,S,ＳウルトラミラクルジャグラーＫＴ,330695,20.83,1000円/48枚
タイホー　双葉店,1170,S,Ｓ／バーサスリヴァイズ／ＨＳ,1S1163,20.83,1000円/48枚
タイホー　双葉店,1171,S,Ｓ／バーサスリヴァイズ／ＨＳ,1S1163,20.83,1000円/48枚
タイホー　双葉店,1172,S,ＳハイパーラッシュＳＬＣ８,430212,20.83,1000円/48枚
タイホー　双葉店,1173,S,ＳハイパーラッシュＳＬＣ８,430212,20.83,1000円/48枚
タイホー　双葉店,1175,S,ＳハイパーラッシュＳＬＣ８,430212,20.83,1000円/48枚
タイホー　双葉店,1176,S,Ｓ／新ハナビＲ／ＨＡ,1S0226,20.83,1000円/48枚
タイホー　双葉店,1177,S,Ｓ／新ハナビＲ／ＨＡ,1S0226,20.83,1000円/48枚
タイホー　双葉店,1178,S,Ｓ／新ハナビＲ／ＨＡ,1S0226,20.83,1000円/48枚
タイホー　双葉店,1180,S,Ｓ／新ハナビＲ／ＨＡ,1S0226,20.83,1000円/48枚
タイホー　双葉店,1181,S,ＳグランベルムＺＸＺ,330077,20.83,1000円/48枚
タイホー　双葉店,1182,S,Ｓモンキーターン４ＺＤＤ,9S172900,20.83,1000円/48枚
タイホー　双葉店,1183,S,Ｓ　この素晴らしい世界に祝福を！　ＺＲ,1S0949,20.83,1000円/48枚
タイホー　双葉店,1185,S,Ｓ　ガメラ２　ＸＲ,330357,20.83,1000円/48枚
タイホー　双葉店,1186,S,Ｓ　ＭＨＷアイスボーンＺＦ,2S1204,20.83,1000円/48枚
タイホー　双葉店,1187,S,Ｓ　パチスロ頭文字Ｄ　ＸＲ,0S0903,20.83,1000円/48枚
タイホー　双葉店,1188,S,ＳバイオハザードＲＥ：２　ＸＢ,2S0613,20.83,1000円/48枚
タイホー　双葉店,1200,S,ＳバイオハザードＲＥ：２　ＸＢ,2S0613,20.83,1000円/48枚
タイホー　双葉店,1201,S,Ｓ押忍！番長ＺＥＲＯ　ＰＣ１,1S0782,20.83,1000円/48枚
タイホー　双葉店,1202,S,Ｓ押忍！番長ＺＥＲＯ　ＰＣ１,1S0782,20.83,1000円/48枚
タイホー　双葉店,1203,S,Ｓ　パチスロ甲鉄城のカバネリ　ＺＲ,2S0243,20.83,1000円/48枚
タイホー　双葉店,1205,S,Ｓ　パチスロ甲鉄城のカバネリ　ＺＲ,2S0243,20.83,1000円/48枚
タイホー　双葉店,1206,S,Ｓ　パチスロ甲鉄城のカバネリ　ＺＲ,2S0243,20.83,1000円/48枚
タイホー　双葉店,1207,S,Ｓ　パチスロ甲鉄城のカバネリ　ＺＲ,2S0243,20.83,1000円/48枚
タイホー　双葉店,1208,S,Ｓ／沖ドキ！ＧＯＬＤ／ＧＳ,2S0961,20.83,1000円/48枚
タイホー　双葉店,1210,S,Ｓ／沖ドキ！ＧＯＬＤ／ＧＳ,2S0961,20.83,1000円/48枚
タイホー　双葉店,1211,S,Ｓ／沖ドキ！ＧＯＬＤ／ＧＳ,2S0961,20.83,1000円/48枚
タイホー　双葉店,1212,S,Ｓ／沖ドキ！ＧＯＬＤ／ＧＳ,2S0961,20.83,1000円/48枚
タイホー　双葉店,1213,S,Ｓ／沖ドキ！ＧＯＬＤ／ＧＳ,2S0961,20.83,1000円/48枚
タイホー　双葉店,1215,S,Ｓ／沖ドキ！ＧＯＬＤ／ＧＳ,2S0961,20.83,1000円/48枚
タイホー　双葉店,1216,S,ＳマイジャグラーＶＫＤ,9S1793,20.83,1000円/48枚
タイホー　双葉店,1217,S,ＳマイジャグラーＶＫＤ,9S1793,20.83,1000円/48枚
タイホー　双葉店,1218,S,ＳマイジャグラーＶＫＤ,9S1793,20.83,1000円/48枚
タイホー　双葉店,1220,S,ＳマイジャグラーＶＫＤ,9S1793,20.83,1000円/48枚
タイホー　双葉店,1221,S,ＳマイジャグラーＶＫＤ,9S1793,20.83,1000円/48枚
タイホー　双葉店,1222,S,ＳマイジャグラーＶＫＤ,9S1793,20.83,1000円/48枚
タイホー　双葉店,1223,S,ＳマイジャグラーＶＫＤ,9S1793,20.83,1000円/48枚
タイホー　双葉店,1225,S,ＳマイジャグラーＶＫＤ,9S1793,20.83,1000円/48枚
タイホー　双葉店,1226,S,ＳマイジャグラーＶＫＤ,9S1793,20.83,1000円/48枚
タイホー　双葉店,1227,S,ＳマイジャグラーＶＫＤ,9S1793,20.83,1000円/48枚
タイホー　双葉店,1228,S,Ｓファンキージャグラー２ＫＴ,0S0234,20.83,1000円/48枚
タイホー　双葉店,1230,S,Ｓファンキージャグラー２ＫＴ,0S0234,20.83,1000円/48枚
タイホー　双葉店,1231,S,Ｓファンキージャグラー２ＫＴ,0S0234,20.83,1000円/48枚
タイホー　双葉店,1232,S,Ｓファンキージャグラー２ＫＴ,0S0234,20.83,1000円/48枚
タイホー　双葉店,1233,S,Ｓファンキージャグラー２ＫＴ,0S0234,20.83,1000円/48枚
タイホー　双葉店,1235,S,Ｓファンキージャグラー２ＫＴ,0S0234,20.83,1000円/48枚
タイホー　双葉店,1236,S,ＳハッピージャグラーＶⅢＥＡ,2S0196,20.83,1000円/48枚
タイホー　双葉店,1237,S,ＳハッピージャグラーＶⅢＥＡ,2S0196,20.83,1000円/48枚
タイホー　双葉店,1238,S,ＳハッピージャグラーＶⅢＥＡ,2S0196,20.83,1000円/48枚
タイホー　双葉店,1250,S,ＳハッピージャグラーＶⅢＥＡ,2S0196,20.83,1000円/48枚
タイホー　双葉店,1251,S,Ｌスロット　ゾンビランドサガＡ１,3S1702,20.83,1000円/48枚
タイホー　双葉店,1252,S,Ｌラブキューレ２ＰＳ,3S0048,20.83,1000円/48枚
タイホー　双葉店,1253,S,Ｌ　スマスロ真北斗無双　ＦＳ,3S1512,20.83,1000円/48枚
タイホー　双葉店,1255,S,Ｌパチスロひぐらしのなく頃に業ＳＳ,3S0262,20.83,1000円/48枚
タイホー　双葉店,1256,S,Ｌスロット　ソードアート・オンラインＢ２,2S1694,20.83,1000円/48枚
タイホー　双葉店,1257,S,Ｌパチスロ仮面ライダーＵＪＡ,330233,20.83,1000円/48枚
タイホー　双葉店,1258,S,Ｌ／ＳＨＡＭＡＮＫＩＮＧ／ＳＳ,430573,20.83,1000円/48枚
タイホー　双葉店,1260,S,ＬワンパンマンＥＹ,4S0335,20.83,1000円/48枚
タイホー　双葉店,1261,S,Ｌ　ＤＩＳＣＵＰウルトラリミックス　ＸＲ,4S1442,20.83,1000円/48枚
タイホー　双葉店,1262,S,Ｌ　ＨＥＹ！エリートサラリーマン鏡ＰＡ４,2S0855,20.83,1000円/48枚
タイホー　双葉店,1263,S,Ｌ　Ａ－ＳＬＯＴ＋このすば　ＦＸ,4S0262,20.83,1000円/48枚
タイホー　双葉店,1265,S,Ｌ　パチスロゴールデンカムイ　ＫＲ,330548,20.83,1000円/48枚
タイホー　双葉店,1266,S,Ｌマクロスフロンティア４ｂＡ,330403,20.83,1000円/48枚
タイホー　双葉店,1267,S,Ｓ　エウレカセブンＨＩＥＶＯ　ＸＳ,330002,20.83,1000円/48枚
タイホー　双葉店,1268,S,Ｓ　エウレカセブンＨＩＥＶＯ　ＸＳ,330002,20.83,1000円/48枚
タイホー　双葉店,1270,S,Ｓ炎炎ノ消防隊ｊＳ,2S1217,20.83,1000円/48枚
タイホー　双葉店,1271,S,Ｓ炎炎ノ消防隊ｊＳ,2S1217,20.83,1000円/48枚
タイホー　双葉店,1272,S,Ｓ炎炎ノ消防隊ｊＳ,2S1217,20.83,1000円/48枚
タイホー　双葉店,1273,S,Ｓ新鬼武者２ＺＣ,2S0228,20.83,1000円/48枚
タイホー　双葉店,1275,S,Ｓ新鬼武者２ＺＣ,2S0228,20.83,1000円/48枚
タイホー　双葉店,1276,S,ＬパチスロゴッドイーターリザレクションＳＬＥＤ,4S0159,20.83,1000円/48枚
タイホー　双葉店,1277,S,ＬパチスロゴッドイーターリザレクションＳＬＥＤ,4S0159,20.83,1000円/48枚
タイホー　双葉店,1278,S,ＬパチスロゴッドイーターリザレクションＳＬＥＤ,4S0159,20.83,1000円/48枚
タイホー　双葉店,1280,S,ＬパチスロゴッドイーターリザレクションＳＬＥＤ,4S0159,20.83,1000円/48枚
タイホー　双葉店,1281,S,ＬパチスロゴッドイーターリザレクションＳＬＥＤ,4S0159,20.83,1000円/48枚
タイホー　双葉店,1282,S,ＬパチスロゴッドイーターリザレクションＳＬＥＤ,4S0159,20.83,1000円/48枚
タイホー　双葉店,1283,S,ＬパチスロゴッドイーターリザレクションＳＬＥＤ,4S0159,20.83,1000円/48枚
タイホー　双葉店,1285,S,ＬパチスロゴッドイーターリザレクションＳＬＥＤ,4S0159,20.83,1000円/48枚
タイホー　双葉店,1286,S,Ｌ　スマスロ頭文字Ｄ２ｎｄ　ＹＲ,430357,20.83,1000円/48枚
タイホー　双葉店,1287,S,Ｌ　スマスロ頭文字Ｄ２ｎｄ　ＹＲ,430357,20.83,1000円/48枚
タイホー　双葉店,1288,S,Ｌ　スマスロ頭文字Ｄ２ｎｄ　ＹＲ,430357,20.83,1000円/48枚
タイホー　双葉店,1300,S,Ｌ　スマスロ　聖戦士ダンバイン　ＭＦ,430531,20.83,1000円/48枚
タイホー　双葉店,1301,S,Ｌ　スマスロ　聖戦士ダンバイン　ＭＦ,430531,20.83,1000円/48枚
タイホー　双葉店,1302,S,Ｌパチスロ真・一騎当千Ｖ,430303,20.83,1000円/48枚
タイホー　双葉店,1303,S,Ｌパチスロ真・一騎当千Ｖ,430303,20.83,1000円/48枚
タイホー　双葉店,1305,S,Ｌ　防振り　ＦＮ,430072,20.83,1000円/48枚
タイホー　双葉店,1306,S,Ｌ　防振り　ＦＮ,430072,20.83,1000円/48枚
タイホー　双葉店,1307,S,ＬバンドリＳ１１,430327,20.83,1000円/48枚
タイホー　双葉店,1308,S,ＬバンドリＳ１１,430327,20.83,1000円/48枚
タイホー　双葉店,1310,S,ＬバンドリＳ１１,430327,20.83,1000円/48枚
タイホー　双葉店,1311,S,Ｌありふれた職業で世界最強ｊＡ,4S1365,20.83,1000円/48枚
タイホー　双葉店,1312,S,Ｌありふれた職業で世界最強ｊＡ,4S1365,20.83,1000円/48枚
タイホー　双葉店,1313,S,Ｌありふれた職業で世界最強ｊＡ,4S1365,20.83,1000円/48枚
タイホー　双葉店,1315,S,Ｌゲゲゲの鬼太郎　覚醒ＪＣ,4S0089,20.83,1000円/48枚
タイホー　双葉店,1316,S,Ｌゲゲゲの鬼太郎　覚醒ＪＣ,4S0089,20.83,1000円/48枚
タイホー　双葉店,1317,S,Ｌとある魔術の禁書目録　一方通行ＲＺ,430460,20.83,1000円/48枚
タイホー　双葉店,1318,S,Ｌとある魔術の禁書目録　一方通行ＲＺ,430460,20.83,1000円/48枚
タイホー　双葉店,1320,S,Ｌ主役は銭形４Ｌ１,2S1590,20.83,1000円/48枚
タイホー　双葉店,1321,S,Ｌ主役は銭形４Ｌ１,2S1590,20.83,1000円/48枚
タイホー　双葉店,1322,S,Ｌ　パチスロ北斗の拳ＡＤ　ＸＲ,2S1502,20.83,1000円/48枚
タイホー　双葉店,1323,S,Ｌ　パチスロ北斗の拳ＡＤ　ＸＲ,2S1502,20.83,1000円/48枚
タイホー　双葉店,1325,S,Ｌ　パチスロ北斗の拳ＡＤ　ＸＲ,2S1502,20.83,1000円/48枚
タイホー　双葉店,1326,S,Ｌ　パチスロ北斗の拳ＡＤ　ＸＲ,2S1502,20.83,1000円/48枚
タイホー　双葉店,1327,S,Ｌ　パチスロ北斗の拳ＡＤ　ＸＲ,2S1502,20.83,1000円/48枚
タイホー　双葉店,1328,S,Ｌ　パチスロ北斗の拳ＡＤ　ＸＲ,2S1502,20.83,1000円/48枚
タイホー　双葉店,1330,S,Ｌ　パチスロ北斗の拳ＡＤ　ＸＲ,2S1502,20.83,1000円/48枚
タイホー　双葉店,1331,S,Ｌ　パチスロ北斗の拳ＡＤ　ＸＲ,2S1502,20.83,1000円/48枚
タイホー　双葉店,1332,S,Ｌ　パチスロ北斗の拳ＡＤ　ＸＲ,2S1502,20.83,1000円/48枚
タイホー　双葉店,1333,S,Ｌ　パチスロ北斗の拳ＡＤ　ＸＲ,2S1502,20.83,1000円/48枚
タイホー　双葉店,1335,S,Ｌ　パチスロ北斗の拳ＡＤ　ＸＲ,2S1502,20.83,1000円/48枚
タイホー　双葉店,1336,S,Ｌにゃんこ大戦争・超神速ＫＢ,4S1157,20.83,1000円/48枚
タイホー　双葉店,1337,S,Ｌ忍魂参　～奥義皆伝ノ章～Ａ３,3S1553,20.83,1000円/48枚
タイホー　双葉店,1338,S,Ｌ南国育ちＳ３,330497,20.83,1000円/48枚
タイホー　双葉店,1350,S,Ｌ南国育ちＳ３,330497,20.83,1000円/48枚
タイホー　双葉店,1351,S,ＬＧⅠ優駿倶楽部黄金ＫＤ,3S1190,20.83,1000円/48枚
タイホー　双葉店,1352,S,Ｌ新・必殺仕置人ＫＣ,3S1852,20.83,1000円/48枚
タイホー　双葉店,1353,S,ＬキングパルサーＳＬＣＣ,3S1231,20.83,1000円/48枚
タイホー　双葉店,1355,S,Ｌストライクウィッチーズ２ＴＦ,3S1134,20.83,1000円/48枚
タイホー　双葉店,1356,S,Ｌ　Ｒｅ：ゼロから始める異世界生活　ｓｅａｓｏｎ２ＰＡ５,430205,20.83,1000円/48枚
タイホー　双葉店,1357,S,Ｌ　Ｒｅ：ゼロから始める異世界生活　ｓｅａｓｏｎ２ＰＡ５,430205,20.83,1000円/48枚
タイホー　双葉店,1358,S,Ｌ　Ｒｅ：ゼロから始める異世界生活　ｓｅａｓｏｎ２ＰＡ５,430205,20.83,1000円/48枚
タイホー　双葉店,1360,S,Ｌ／バジリスク絆２～天膳～／ＺＮ,330412,20.83,1000円/48枚
タイホー　双葉店,1361,S,Ｓパチスロひぐらしのなく頃に祭２ＰＸ,0S1050,20.83,1000円/48枚
タイホー　双葉店,1362,S,ＳニューパルサーＳＰ３ＣＣ,0S0179,20.83,1000円/48枚
タイホー　双葉店,1363,S,ＳニューパルサーＳＰ４ＳＬＥ８,330606,20.83,1000円/48枚
タイホー　双葉店,1365,S,Ｓ　ディスクアップ２　ＺＦ,0S0593,20.83,1000円/48枚
タイホー　双葉店,1366,S,Ｓ　ディスクアップ２　ＺＦ,0S0593,20.83,1000円/48枚
タイホー　双葉店,1367,S,Ｓ　コードギアス３Ｃ．Ｃ．　ＦＳ,2S1060,20.83,1000円/48枚
タイホー　双葉店,1368,S,Ｓ／クランキークレスト／ＣＲ,330208,20.83,1000円/48枚
タイホー　双葉店,1370,S,Ｓ／サンダーＶライトニング／ＴＨ,9S1588,20.83,1000円/48枚
タイホー　双葉店,1371,S,Ｌマジカルハロウィン８ＦＥ,3S0939,20.83,1000円/48枚
タイホー　双葉店,1372,S,Ｌマジカルハロウィン８ＦＥ,3S0939,20.83,1000円/48枚
タイホー　双葉店,1373,S,Ｌ押忍！番長４　Ａ３,3S1296,20.83,1000円/48枚
タイホー　双葉店,1375,S,Ｌ押忍！番長４　Ａ３,3S1296,20.83,1000円/48枚
タイホー　双葉店,1376,S,Ｌ押忍！番長４　Ａ３,3S1296,20.83,1000円/48枚
タイホー　双葉店,1377,S,ＬモンスターハンターライズＸＡ,430243,20.83,1000円/48枚
タイホー　双葉店,1378,S,ＬモンスターハンターライズＸＡ,430243,20.83,1000円/48枚
タイホー　双葉店,1380,S,ＬモンスターハンターライズＸＡ,430243,20.83,1000円/48枚
タイホー　双葉店,1381,S,ＬモンスターハンターライズＸＡ,430243,20.83,1000円/48枚
タイホー　双葉店,1382,S,ＬモンスターハンターライズＸＡ,430243,20.83,1000円/48枚
タイホー　双葉店,1383,S,Ｌバイオハザード　ヴィレッジＸＡ,3S1160,20.83,1000円/48枚
タイホー　双葉店,1385,S,Ｌバイオハザード　ヴィレッジＸＡ,3S1160,20.83,1000円/48枚
タイホー　双葉店,1386,S,Ｌルパン三世大航海者の秘宝Ｈ１,4S0946,20.83,1000円/48枚
タイホー　双葉店,1387,S,Ｌルパン三世大航海者の秘宝Ｈ１,4S0946,20.83,1000円/48枚
タイホー　双葉店,1388,S,Ｌルパン三世大航海者の秘宝Ｈ１,4S0946,20.83,1000円/48枚
タイホー　双葉店,1500,S,Ｌ炎炎ノ消防隊ｊＧ,330569,20.83,1000円/48枚
タイホー　双葉店,1501,S,Ｌ炎炎ノ消防隊ｊＧ,330569,20.83,1000円/48枚
タイホー　双葉店,1502,S,Ｌスマスロサラリーマン金太郎ＥＴ,430354,20.83,1000円/48枚
タイホー　双葉店,1503,S,Ｌスマスロサラリーマン金太郎ＥＴ,430354,20.83,1000円/48枚
タイホー　双葉店,1505,S,Ｌスマスロサラリーマン金太郎ＥＴ,430354,20.83,1000円/48枚
タイホー　双葉店,1506,S,ＬスーパーブラックジャックＳＬＤＣ,4S1230,20.83,1000円/48枚
タイホー　双葉店,1507,S,ＬスーパーブラックジャックＳＬＤＣ,4S1230,20.83,1000円/48枚
タイホー　双葉店,1508,S,ＬスーパーブラックジャックＳＬＤＣ,4S1230,20.83,1000円/48枚
タイホー　双葉店,1510,S,ＬスーパーブラックジャックＳＬＤＣ,4S1230,20.83,1000円/48枚
タイホー　双葉店,1511,S,ＬからくりサーカスＧ,2S1798,20.83,1000円/48枚
タイホー　双葉店,1512,S,ＬからくりサーカスＧ,2S1798,20.83,1000円/48枚
タイホー　双葉店,1513,S,ＬからくりサーカスＧ,2S1798,20.83,1000円/48枚
タイホー　双葉店,1515,S,ＬからくりサーカスＧ,2S1798,20.83,1000円/48枚
タイホー　双葉店,1516,S,ＬからくりサーカスＧ,2S1798,20.83,1000円/48枚
タイホー　双葉店,1517,S,ＬからくりサーカスＧ,2S1798,20.83,1000円/48枚
タイホー　双葉店,1518,S,Ｌ革命機ヴァルヴレイヴＤ,2S0869,20.83,1000円/48枚
タイホー　双葉店,1520,S,Ｌ革命機ヴァルヴレイヴＤ,2S0869,20.83,1000円/48枚
タイホー　双葉店,1521,S,Ｌ革命機ヴァルヴレイヴＤ,2S0869,20.83,1000円/48枚
タイホー　双葉店,1522,S,Ｌシン・エヴァンゲリオン,4S1192,20.83,1000円/48枚
タイホー　双葉店,1523,S,Ｌシン・エヴァンゲリオン,4S1192,20.83,1000円/48枚
タイホー　双葉店,1525,S,Ｌシン・エヴァンゲリオン,4S1192,20.83,1000円/48枚
タイホー　双葉店,1526,S,Ｌダンベル何キロ持てる？Ｘ,4S0474,20.83,1000円/48枚
タイホー　双葉店,1527,S,Ｌダンベル何キロ持てる？Ｘ,4S0474,20.83,1000円/48枚
タイホー　双葉店,1528,S,Ｌダンベル何キロ持てる？Ｘ,4S0474,20.83,1000円/48枚
タイホー　双葉店,1530,S,Ｌダンベル何キロ持てる？Ｘ,4S0474,20.83,1000円/48枚
タイホー　双葉店,1531,S,Ｌゴジラ対エヴァンゲリオンｊＡ,3S1349,20.83,1000円/48枚
タイホー　双葉店,1532,S,Ｌゴジラ対エヴァンゲリオンｊＡ,3S1349,20.83,1000円/48枚
タイホー　双葉店,1533,S,Ｌ犬夜叉２ＦＫ,4S0844,20.83,1000円/48枚
タイホー　双葉店,1535,S,Ｌ犬夜叉２ＦＫ,4S0844,20.83,1000円/48枚
タイホー　双葉店,1536,S,ＬＴｏＬＯＶＥるダークネスＳ６,430016,20.83,1000円/48枚
タイホー　双葉店,1537,S,ＬＴｏＬＯＶＥるダークネスＳ６,430016,20.83,1000円/48枚
タイホー　双葉店,1538,S,ＬＴｏＬＯＶＥるダークネスＳ６,430016,20.83,1000円/48枚
タイホー　双葉店,1550,S,ＬＴｏＬＯＶＥるダークネスＳ６,430016,20.83,1000円/48枚
タイホー　双葉店,1551,S,Ｌかぐや様は告らせたいｊＡ,4S0464,20.83,1000円/48枚
タイホー　双葉店,1552,S,Ｌかぐや様は告らせたいｊＡ,4S0464,20.83,1000円/48枚
タイホー　双葉店,1553,S,Ｌ戦姫絶唱シンフォギア　正義の歌ｊＡ,3S1917,20.83,1000円/48枚
タイホー　双葉店,1555,S,Ｌ戦姫絶唱シンフォギア　正義の歌ｊＡ,3S1917,20.83,1000円/48枚
タイホー　双葉店,1556,S,ＬスーパービンゴネオＳＢ５,4S0685,20.83,1000円/48枚
タイホー　双葉店,1557,S,ＬスーパービンゴネオＳＢ５,4S0685,20.83,1000円/48枚
タイホー　双葉店,1558,S,Ｌチバリヨ２プラスＺＣ,4S1086,20.83,1000円/48枚
タイホー　双葉店,1560,S,Ｌチバリヨ２プラスＺＣ,4S1086,20.83,1000円/48枚
タイホー　双葉店,1561,S,Ｌチバリヨ２プラスＺＣ,4S1086,20.83,1000円/48枚
タイホー　双葉店,1562,S,Ｌチバリヨ２プラスＺＣ,4S1086,20.83,1000円/48枚
タイホー　双葉店,1563,S,Ｌチバリヨ２プラスＺＣ,4S1086,20.83,1000円/48枚
タイホー　双葉店,1565,S,Ｌチバリヨ２プラスＺＣ,4S1086,20.83,1000円/48枚
タイホー　双葉店,1566,S,Ｌ戦国乙女４Ｓ３,3S0520,20.83,1000円/48枚
タイホー　双葉店,1567,S,Ｌ戦国乙女４Ｓ３,3S0520,20.83,1000円/48枚
タイホー　双葉店,1568,S,Ｌ戦国乙女４Ｓ３,3S0520,20.83,1000円/48枚
タイホー　双葉店,1570,S,Ｌ戦国乙女４Ｓ３,3S0520,20.83,1000円/48枚
タイホー　双葉店,1571,S,Ｌ戦国乙女４Ｓ３,3S0520,20.83,1000円/48枚
タイホー　双葉店,1572,S,Ｌモンキーターン５ＣＥ,3S0772,20.83,1000円/48枚
タイホー　双葉店,1573,S,Ｌモンキーターン５ＣＥ,3S0772,20.83,1000円/48枚
タイホー　双葉店,1575,S,Ｌモンキーターン５ＣＥ,3S0772,20.83,1000円/48枚
タイホー　双葉店,1576,S,Ｌモンキーターン５ＣＥ,3S0772,20.83,1000円/48枚
タイホー　双葉店,1577,S,Ｌモンキーターン５ＣＥ,3S0772,20.83,1000円/48枚
タイホー　双葉店,1578,S,Ｌモンキーターン５ＣＥ,3S0772,20.83,1000円/48枚
タイホー　双葉店,1580,S,Ｌモンキーターン５ＣＥ,3S0772,20.83,1000円/48枚
タイホー　双葉店,1581,S,Ｌ東京喰種ＣＴ,4S1320,20.83,1000円/48枚
タイホー　双葉店,1582,S,Ｌ東京喰種ＣＴ,4S1320,20.83,1000円/48枚
タイホー　双葉店,1583,S,Ｌ東京喰種ＣＴ,4S1320,20.83,1000円/48枚
タイホー　双葉店,1585,S,Ｌ今日から俺は！！ＦＥ,4S0633,20.83,1000円/48枚
タイホー　双葉店,1586,S,Ｌ今日から俺は！！ＦＥ,4S0633,20.83,1000円/48枚
タイホー　双葉店,1587,S,Ｌ聖闘士星矢海皇覚醒ＥＤ,430030,20.83,1000円/48枚
タイホー　双葉店,1588,S,Ｌ聖闘士星矢海皇覚醒ＥＤ,430030,20.83,1000円/48枚
タイホー　双葉店,1600,S,Ｌ聖闘士星矢海皇覚醒ＥＤ,430030,20.83,1000円/48枚
